0 verbose cli C:\Program Files\nodejs\node.exe C:\Program Files\nodejs\node_modules\npm\bin\npm-cli.js
1 info using npm@11.11.0
2 info using node@v24.14.1
3 silly config load:file:C:\Program Files\nodejs\node_modules\npm\npmrc
4 silly config load:file:D:\SITES\CONTROLE\.npmrc
5 silly config load:file:C:\Users\andre\.npmrc
6 silly config load:file:C:\Users\andre\AppData\Roaming\npm\etc\npmrc
7 verbose title npm install @prisma/client prisma
8 verbose argv "install" "@prisma/client" "prisma"
9 verbose logfile logs-max:10 dir:D:\SITES\CONTROLE\.npm-cache\_logs\2026-04-10T12_50_02_695Z-
10 verbose logfile D:\SITES\CONTROLE\.npm-cache\_logs\2026-04-10T12_50_02_695Z-debug-0.log
11 silly logfile done cleaning log files
12 silly packumentCache heap:2348810240 maxSize:587202560 maxEntrySize:293601280
13 silly idealTree buildDeps
14 silly fetch manifest @prisma/client@*
15 silly packumentCache full:https://registry.npmjs.org/@prisma%2fclient cache-miss
16 http fetch GET 200 https://registry.npmjs.org/@prisma%2fclient 880ms (cache miss)
17 silly packumentCache full:https://registry.npmjs.org/@prisma%2fclient set size:undefined disposed:false
18 silly fetch manifest prisma@*
19 silly packumentCache full:https://registry.npmjs.org/prisma cache-miss
20 http fetch GET 200 https://registry.npmjs.org/prisma 585ms (cache miss)
21 silly packumentCache full:https://registry.npmjs.org/prisma set size:undefined disposed:false
22 silly fetch manifest better-sqlite3@>=9.0.0
23 silly packumentCache full:https://registry.npmjs.org/better-sqlite3 cache-miss
24 http fetch GET 200 https://registry.npmjs.org/better-sqlite3 145ms (cache miss)
25 silly packumentCache full:https://registry.npmjs.org/better-sqlite3 set size:undefined disposed:false
26 silly fetch manifest typescript@^5
27 silly packumentCache full:https://registry.npmjs.org/typescript cache-miss
28 http fetch GET 200 https://registry.npmjs.org/typescript 87ms (cache revalidated)
29 silly packumentCache full:https://registry.npmjs.org/typescript set size:15399465 disposed:false
30 silly placeDep ROOT @prisma/client@7.7.0 OK for: controle-app@0.1.0 want: *
31 silly placeDep ROOT prisma@7.7.0 OK for: controle-app@0.1.0 want: *
32 silly fetch manifest @prisma/client-runtime-utils@7.7.0
33 silly packumentCache full:https://registry.npmjs.org/@prisma%2fclient-runtime-utils cache-miss
34 silly fetch manifest mysql2@3.15.3
35 silly packumentCache full:https://registry.npmjs.org/mysql2 cache-miss
36 silly fetch manifest postgres@3.4.7
37 silly packumentCache full:https://registry.npmjs.org/postgres cache-miss
38 silly fetch manifest @prisma/dev@0.24.3
39 silly packumentCache full:https://registry.npmjs.org/@prisma%2fdev cache-miss
40 silly fetch manifest @prisma/config@7.7.0
41 silly packumentCache full:https://registry.npmjs.org/@prisma%2fconfig cache-miss
42 silly fetch manifest @prisma/engines@7.7.0
43 silly packumentCache full:https://registry.npmjs.org/@prisma%2fengines cache-miss
44 silly fetch manifest @prisma/studio-core@0.27.3
45 silly packumentCache full:https://registry.npmjs.org/@prisma%2fstudio-core cache-miss
46 http fetch GET 200 https://registry.npmjs.org/@prisma%2fclient-runtime-utils 96ms (cache miss)
47 silly packumentCache full:https://registry.npmjs.org/@prisma%2fclient-runtime-utils set size:undefined disposed:false
48 http fetch GET 200 https://registry.npmjs.org/postgres 153ms (cache miss)
49 silly packumentCache full:https://registry.npmjs.org/postgres set size:undefined disposed:false
50 http fetch GET 200 https://registry.npmjs.org/mysql2 169ms (cache miss)
51 silly packumentCache full:https://registry.npmjs.org/mysql2 set size:undefined disposed:false
52 http fetch GET 200 https://registry.npmjs.org/@prisma%2fdev 223ms (cache miss)
53 silly packumentCache full:https://registry.npmjs.org/@prisma%2fdev set size:undefined disposed:false
54 http fetch GET 200 https://registry.npmjs.org/@prisma%2fconfig 440ms (cache miss)
55 silly packumentCache full:https://registry.npmjs.org/@prisma%2fconfig set size:undefined disposed:false
56 http fetch GET 200 https://registry.npmjs.org/@prisma%2fstudio-core 640ms (cache miss)
57 silly packumentCache full:https://registry.npmjs.org/@prisma%2fstudio-core set size:undefined disposed:false
58 http fetch GET 200 https://registry.npmjs.org/@prisma%2fengines 684ms (cache miss)
59 silly packumentCache full:https://registry.npmjs.org/@prisma%2fengines set size:undefined disposed:false
60 silly placeDep ROOT @prisma/client-runtime-utils@7.7.0 OK for: @prisma/client@7.7.0 want: 7.7.0
61 silly fetch manifest @types/react@^18.0.0 || ^19.0.0
62 silly packumentCache full:https://registry.npmjs.org/@types%2freact cache-miss
63 http fetch GET 200 https://registry.npmjs.org/@types%2freact 57ms (cache revalidated)
64 silly packumentCache full:https://registry.npmjs.org/@types%2freact set size:2588964 disposed:false
65 silly fetch manifest react@^18.0.0 || ^19.0.0
66 silly packumentCache full:https://registry.npmjs.org/react cache-miss
67 http fetch GET 200 https://registry.npmjs.org/react 63ms (cache revalidated)
68 silly packumentCache full:https://registry.npmjs.org/react set size:6598084 disposed:false
69 silly fetch manifest react-dom@^18.0.0 || ^19.0.0
70 silly packumentCache full:https://registry.npmjs.org/react-dom cache-miss
71 http fetch GET 200 https://registry.npmjs.org/react-dom 76ms (cache revalidated)
72 silly packumentCache full:https://registry.npmjs.org/react-dom set size:8778661 disposed:false
73 silly placeDep ROOT @prisma/config@7.7.0 OK for: prisma@7.7.0 want: 7.7.0
74 silly placeDep ROOT @prisma/dev@0.24.3 OK for: prisma@7.7.0 want: 0.24.3
75 silly placeDep ROOT @prisma/engines@7.7.0 OK for: prisma@7.7.0 want: 7.7.0
76 silly placeDep ROOT @prisma/studio-core@0.27.3 OK for: prisma@7.7.0 want: 0.27.3
77 silly placeDep ROOT mysql2@3.15.3 OK for: prisma@7.7.0 want: 3.15.3
78 silly placeDep ROOT postgres@3.4.7 OK for: prisma@7.7.0 want: 3.4.7
79 silly fetch manifest c12@3.1.0
80 silly packumentCache full:https://registry.npmjs.org/c12 cache-miss
81 silly fetch manifest effect@3.20.0
82 silly packumentCache full:https://registry.npmjs.org/effect cache-miss
83 silly fetch manifest empathic@2.0.0
84 silly packumentCache full:https://registry.npmjs.org/empathic cache-miss
85 silly fetch manifest deepmerge-ts@7.1.5
86 silly packumentCache full:https://registry.npmjs.org/deepmerge-ts cache-miss
87 silly fetch manifest hono@^4.12.8
88 silly packumentCache full:https://registry.npmjs.org/hono cache-miss
89 silly fetch manifest pathe@2.0.3
90 silly packumentCache full:https://registry.npmjs.org/pathe cache-miss
91 silly fetch manifest remeda@2.33.4
92 silly packumentCache full:https://registry.npmjs.org/remeda cache-miss
93 http fetch GET 200 https://registry.npmjs.org/c12 59ms (cache miss)
94 silly packumentCache full:https://registry.npmjs.org/c12 set size:undefined disposed:false
95 silly fetch manifest std-env@3.10.0
96 silly packumentCache full:https://registry.npmjs.org/std-env cache-miss
97 http fetch GET 200 https://registry.npmjs.org/empathic 71ms (cache miss)
98 silly packumentCache full:https://registry.npmjs.org/empathic set size:undefined disposed:false
99 silly fetch manifest valibot@1.2.0
100 silly packumentCache full:https://registry.npmjs.org/valibot cache-miss
101 http fetch GET 200 https://registry.npmjs.org/pathe 73ms (cache miss)
102 silly packumentCache full:https://registry.npmjs.org/pathe set size:undefined disposed:false
103 silly fetch manifest zeptomatch@2.1.0
104 silly packumentCache full:https://registry.npmjs.org/zeptomatch cache-miss
105 http fetch GET 200 https://registry.npmjs.org/deepmerge-ts 98ms (cache miss)
106 silly packumentCache full:https://registry.npmjs.org/deepmerge-ts set size:undefined disposed:false
107 silly fetch manifest get-port-please@3.2.0
108 silly packumentCache full:https://registry.npmjs.org/get-port-please cache-miss
109 http fetch GET 200 https://registry.npmjs.org/std-env 54ms (cache miss)
110 silly packumentCache full:https://registry.npmjs.org/std-env set size:undefined disposed:false
111 silly fetch manifest proper-lockfile@4.1.2
112 silly packumentCache full:https://registry.npmjs.org/proper-lockfile cache-miss
113 http fetch GET 200 https://registry.npmjs.org/remeda 121ms (cache miss)
114 silly packumentCache full:https://registry.npmjs.org/remeda set size:undefined disposed:false
115 silly fetch manifest foreground-child@3.3.1
116 silly packumentCache full:https://registry.npmjs.org/foreground-child cache-miss
117 http fetch GET 200 https://registry.npmjs.org/valibot 63ms (cache miss)
118 silly packumentCache full:https://registry.npmjs.org/valibot set size:undefined disposed:false
119 silly fetch manifest @hono/node-server@1.19.11
120 silly packumentCache full:https://registry.npmjs.org/@hono%2fnode-server cache-miss
121 http fetch GET 200 https://registry.npmjs.org/zeptomatch 66ms (cache miss)
122 silly packumentCache full:https://registry.npmjs.org/zeptomatch set size:undefined disposed:false
123 silly fetch manifest http-status-codes@2.3.0
124 silly packumentCache full:https://registry.npmjs.org/http-status-codes cache-miss
125 http fetch GET 200 https://registry.npmjs.org/get-port-please 51ms (cache miss)
126 silly packumentCache full:https://registry.npmjs.org/get-port-please set size:undefined disposed:false
127 silly fetch manifest @electric-sql/pglite@0.4.1
128 silly packumentCache full:https://registry.npmjs.org/@electric-sql%2fpglite cache-miss
129 http fetch GET 200 https://registry.npmjs.org/proper-lockfile 58ms (cache miss)
130 silly packumentCache full:https://registry.npmjs.org/proper-lockfile set size:undefined disposed:false
131 silly fetch manifest @prisma/get-platform@7.2.0
132 silly packumentCache full:https://registry.npmjs.org/@prisma%2fget-platform cache-miss
133 http fetch GET 200 https://registry.npmjs.org/foreground-child 59ms (cache miss)
134 silly packumentCache full:https://registry.npmjs.org/foreground-child set size:undefined disposed:false
135 silly fetch manifest @prisma/streams-local@0.1.2
136 silly packumentCache full:https://registry.npmjs.org/@prisma%2fstreams-local cache-miss
137 http fetch GET 200 https://registry.npmjs.org/@hono%2fnode-server 79ms (cache miss)
138 silly packumentCache full:https://registry.npmjs.org/@hono%2fnode-server set size:undefined disposed:false
139 silly fetch manifest @electric-sql/pglite-tools@0.3.1
140 silly packumentCache full:https://registry.npmjs.org/@electric-sql%2fpglite-tools cache-miss
141 http fetch GET 200 https://registry.npmjs.org/@electric-sql%2fpglite 74ms (cache miss)
142 silly packumentCache full:https://registry.npmjs.org/@electric-sql%2fpglite set size:undefined disposed:false
143 silly fetch manifest @electric-sql/pglite-socket@0.1.1
144 silly packumentCache full:https://registry.npmjs.org/@electric-sql%2fpglite-socket cache-miss
145 http fetch GET 200 https://registry.npmjs.org/http-status-codes 95ms (cache miss)
146 silly packumentCache full:https://registry.npmjs.org/http-status-codes set size:undefined disposed:false
147 silly fetch manifest @prisma/query-plan-executor@7.2.0
148 silly packumentCache full:https://registry.npmjs.org/@prisma%2fquery-plan-executor cache-miss
149 http fetch GET 200 https://registry.npmjs.org/@prisma%2fstreams-local 116ms (cache miss)
150 silly packumentCache full:https://registry.npmjs.org/@prisma%2fstreams-local set size:undefined disposed:false
151 silly fetch manifest @prisma/debug@7.7.0
152 silly packumentCache full:https://registry.npmjs.org/@prisma%2fdebug cache-miss
153 http fetch GET 200 https://registry.npmjs.org/hono 314ms (cache miss)
154 silly packumentCache full:https://registry.npmjs.org/hono set size:undefined disposed:false
155 silly fetch manifest @prisma/fetch-engine@7.7.0
156 silly packumentCache full:https://registry.npmjs.org/@prisma%2ffetch-engine cache-miss
157 http fetch GET 200 https://registry.npmjs.org/@electric-sql%2fpglite-socket 124ms (cache miss)
158 silly packumentCache full:https://registry.npmjs.org/@electric-sql%2fpglite-socket set size:undefined disposed:false
159 silly fetch manifest @prisma/get-platform@7.7.0
160 silly packumentCache full:https://registry.npmjs.org/@prisma%2fget-platform cache-miss
161 http fetch GET 200 https://registry.npmjs.org/effect 378ms (cache miss)
162 silly packumentCache full:https://registry.npmjs.org/effect set size:undefined disposed:false
163 silly fetch manifest @prisma/engines-version@7.6.0-1.75cbdc1eb7150937890ad5465d861175c6624711
164 silly packumentCache full:https://registry.npmjs.org/@prisma%2fengines-version cache-miss
165 http fetch GET 200 https://registry.npmjs.org/@prisma%2fquery-plan-executor 256ms (cache miss)
166 silly packumentCache full:https://registry.npmjs.org/@prisma%2fquery-plan-executor set size:undefined disposed:false
167 silly fetch manifest @radix-ui/react-toggle@1.1.10
168 silly packumentCache full:https://registry.npmjs.org/@radix-ui%2freact-toggle cache-miss
169 http fetch GET 200 https://registry.npmjs.org/@electric-sql%2fpglite-tools 395ms (cache miss)
170 silly packumentCache full:https://registry.npmjs.org/@electric-sql%2fpglite-tools set size:undefined disposed:false
171 silly fetch manifest chart.js@4.5.1
172 silly packumentCache full:https://registry.npmjs.org/chart.js cache-miss
173 http fetch GET 200 https://registry.npmjs.org/chart.js 120ms (cache miss)
174 silly packumentCache full:https://registry.npmjs.org/chart.js set size:undefined disposed:false
175 silly fetch manifest long@^5.2.1
176 silly packumentCache full:https://registry.npmjs.org/long cache-miss
177 http fetch GET 200 https://registry.npmjs.org/@radix-ui%2freact-toggle 491ms (cache miss)
178 silly packumentCache full:https://registry.npmjs.org/@radix-ui%2freact-toggle set size:undefined disposed:false
179 silly fetch manifest denque@^2.1.0
180 silly packumentCache full:https://registry.npmjs.org/denque cache-miss
181 http fetch GET 200 https://registry.npmjs.org/long 279ms (cache miss)
182 silly packumentCache full:https://registry.npmjs.org/long set size:undefined disposed:false
183 silly fetch manifest lru.min@^1.0.0
184 silly packumentCache full:https://registry.npmjs.org/lru.min cache-miss
185 http fetch GET 200 https://registry.npmjs.org/@prisma%2fget-platform 958ms (cache miss)
186 silly packumentCache full:https://registry.npmjs.org/@prisma%2fget-platform set size:undefined disposed:false
187 silly fetch manifest seq-queue@^0.0.5
188 silly packumentCache full:https://registry.npmjs.org/seq-queue cache-miss
189 http fetch GET 200 https://registry.npmjs.org/denque 318ms (cache miss)
190 silly packumentCache full:https://registry.npmjs.org/denque set size:undefined disposed:false
191 silly fetch manifest sqlstring@^2.3.2
192 silly packumentCache full:https://registry.npmjs.org/sqlstring cache-miss
193 http fetch GET 200 https://registry.npmjs.org/lru.min 311ms (cache miss)
194 silly packumentCache full:https://registry.npmjs.org/lru.min set size:undefined disposed:false
195 silly fetch manifest iconv-lite@^0.7.0
196 silly packumentCache full:https://registry.npmjs.org/iconv-lite cache-miss
197 http fetch GET 200 https://registry.npmjs.org/seq-queue 113ms (cache miss)
198 silly packumentCache full:https://registry.npmjs.org/seq-queue set size:undefined disposed:false
199 silly fetch manifest aws-ssl-profiles@^1.1.1
200 silly packumentCache full:https://registry.npmjs.org/aws-ssl-profiles cache-miss
201 http fetch GET 200 https://registry.npmjs.org/iconv-lite 90ms (cache miss)
202 silly packumentCache full:https://registry.npmjs.org/iconv-lite set size:undefined disposed:false
203 silly fetch manifest generate-function@^2.3.1
204 silly packumentCache full:https://registry.npmjs.org/generate-function cache-miss
205 http fetch GET 200 https://registry.npmjs.org/sqlstring 156ms (cache miss)
206 silly packumentCache full:https://registry.npmjs.org/sqlstring set size:undefined disposed:false
207 silly fetch manifest named-placeholders@^1.1.3
208 silly packumentCache full:https://registry.npmjs.org/named-placeholders cache-miss
209 http fetch GET 200 https://registry.npmjs.org/aws-ssl-profiles 73ms (cache miss)
210 silly packumentCache full:https://registry.npmjs.org/aws-ssl-profiles set size:undefined disposed:false
211 http fetch GET 200 https://registry.npmjs.org/generate-function 75ms (cache miss)
212 silly packumentCache full:https://registry.npmjs.org/generate-function set size:undefined disposed:false
213 http fetch GET 200 https://registry.npmjs.org/named-placeholders 62ms (cache miss)
214 silly packumentCache full:https://registry.npmjs.org/named-placeholders set size:undefined disposed:false
215 http fetch GET 200 https://registry.npmjs.org/@prisma%2fengines-version 1326ms (cache miss)
216 silly packumentCache full:https://registry.npmjs.org/@prisma%2fengines-version set size:undefined disposed:false
217 http fetch GET 200 https://registry.npmjs.org/@prisma%2fdebug 1618ms (cache miss)
218 silly packumentCache full:https://registry.npmjs.org/@prisma%2fdebug set size:undefined disposed:false
219 http fetch GET 200 https://registry.npmjs.org/@prisma%2ffetch-engine 2189ms (cache miss)
220 silly packumentCache full:https://registry.npmjs.org/@prisma%2ffetch-engine set size:undefined disposed:false
221 http fetch GET 200 https://registry.npmjs.org/@prisma%2fget-platform 2927ms (cache miss)
222 silly packumentCache full:https://registry.npmjs.org/@prisma%2fget-platform set size:undefined disposed:false
223 silly fetch manifest magicast@^0.3.5
224 silly packumentCache full:https://registry.npmjs.org/magicast cache-miss
225 http fetch GET 200 https://registry.npmjs.org/magicast 159ms (cache miss)
226 silly packumentCache full:https://registry.npmjs.org/magicast set size:undefined disposed:false
227 silly placeDep ROOT c12@3.1.0 OK for: @prisma/config@7.7.0 want: 3.1.0
228 silly placeDep ROOT deepmerge-ts@7.1.5 OK for: @prisma/config@7.7.0 want: 7.1.5
229 silly placeDep ROOT effect@3.20.0 OK for: @prisma/config@7.7.0 want: 3.20.0
230 silly placeDep ROOT empathic@2.0.0 OK for: @prisma/config@7.7.0 want: 2.0.0
231 silly fetch manifest rc9@^2.1.2
232 silly packumentCache full:https://registry.npmjs.org/rc9 cache-miss
233 silly fetch manifest defu@^6.1.4
234 silly packumentCache full:https://registry.npmjs.org/defu cache-miss
235 silly fetch manifest giget@^2.0.0
236 silly packumentCache full:https://registry.npmjs.org/giget cache-miss
237 silly fetch manifest ohash@^2.0.11
238 silly packumentCache full:https://registry.npmjs.org/ohash cache-miss
239 silly fetch manifest pathe@^2.0.3
240 silly packumentCache full:https://registry.npmjs.org/pathe cache-miss
241 silly fetch manifest dotenv@^16.6.1
242 silly packumentCache full:https://registry.npmjs.org/dotenv cache-miss
243 silly fetch manifest confbox@^0.2.2
244 silly packumentCache full:https://registry.npmjs.org/confbox cache-miss
245 http cache https://registry.npmjs.org/pathe 15ms (cache hit)
246 silly packumentCache full:https://registry.npmjs.org/pathe set size:68788 disposed:false
247 silly fetch manifest exsolve@^1.0.7
248 silly packumentCache full:https://registry.npmjs.org/exsolve cache-miss
249 http fetch GET 200 https://registry.npmjs.org/rc9 57ms (cache miss)
250 silly packumentCache full:https://registry.npmjs.org/rc9 set size:undefined disposed:false
251 silly fetch manifest chokidar@^4.0.3
252 silly packumentCache full:https://registry.npmjs.org/chokidar cache-miss
253 http fetch GET 200 https://registry.npmjs.org/defu 58ms (cache miss)
254 silly packumentCache full:https://registry.npmjs.org/defu set size:undefined disposed:false
255 silly fetch manifest pkg-types@^2.2.0
256 silly packumentCache full:https://registry.npmjs.org/pkg-types cache-miss
257 http fetch GET 200 https://registry.npmjs.org/ohash 61ms (cache miss)
258 silly packumentCache full:https://registry.npmjs.org/ohash set size:undefined disposed:false
259 silly fetch manifest perfect-debounce@^1.0.0
260 silly packumentCache full:https://registry.npmjs.org/perfect-debounce cache-miss
261 http fetch GET 200 https://registry.npmjs.org/confbox 73ms (cache miss)
262 silly packumentCache full:https://registry.npmjs.org/confbox set size:undefined disposed:false
263 silly fetch manifest fast-check@^3.23.1
264 silly packumentCache full:https://registry.npmjs.org/fast-check cache-miss
265 http fetch GET 200 https://registry.npmjs.org/giget 75ms (cache miss)
266 silly packumentCache full:https://registry.npmjs.org/giget set size:undefined disposed:false
267 silly fetch manifest @standard-schema/spec@^1.0.0
268 silly packumentCache full:https://registry.npmjs.org/@standard-schema%2fspec cache-miss
269 http fetch GET 200 https://registry.npmjs.org/dotenv 78ms (cache miss)
270 silly packumentCache full:https://registry.npmjs.org/dotenv set size:undefined disposed:false
271 http fetch GET 200 https://registry.npmjs.org/pkg-types 52ms (cache miss)
272 silly packumentCache full:https://registry.npmjs.org/pkg-types set size:undefined disposed:false
273 http fetch GET 200 https://registry.npmjs.org/perfect-debounce 59ms (cache miss)
274 silly packumentCache full:https://registry.npmjs.org/perfect-debounce set size:undefined disposed:false
275 http fetch GET 200 https://registry.npmjs.org/chokidar 66ms (cache miss)
276 silly packumentCache full:https://registry.npmjs.org/chokidar set size:undefined disposed:false
277 http fetch GET 200 https://registry.npmjs.org/exsolve 118ms (cache miss)
278 silly packumentCache full:https://registry.npmjs.org/exsolve set size:undefined disposed:false
279 http fetch GET 200 https://registry.npmjs.org/fast-check 70ms (cache miss)
280 silly packumentCache full:https://registry.npmjs.org/fast-check set size:undefined disposed:false
281 http fetch GET 200 https://registry.npmjs.org/@standard-schema%2fspec 110ms (cache miss)
282 silly packumentCache full:https://registry.npmjs.org/@standard-schema%2fspec set size:undefined disposed:false
283 silly fetch manifest typescript@>=5
284 silly packumentCache full:https://registry.npmjs.org/typescript cache-miss
285 http cache https://registry.npmjs.org/typescript 52ms (cache hit)
286 silly packumentCache full:https://registry.npmjs.org/typescript set size:15399465 disposed:false
287 silly placeDep ROOT @electric-sql/pglite@0.4.1 OK for: @prisma/dev@0.24.3 want: 0.4.1
288 silly placeDep ROOT @electric-sql/pglite-socket@0.1.1 OK for: @prisma/dev@0.24.3 want: 0.1.1
289 silly placeDep ROOT @electric-sql/pglite-tools@0.3.1 OK for: @prisma/dev@0.24.3 want: 0.3.1
290 silly placeDep ROOT @hono/node-server@1.19.11 OK for: @prisma/dev@0.24.3 want: 1.19.11
291 silly placeDep ROOT hono@4.12.12 OK for: @hono/node-server@1.19.11 want: ^4
292 silly placeDep ROOT @prisma/get-platform@7.2.0 OK for: @prisma/dev@0.24.3 want: 7.2.0
293 silly placeDep ROOT @prisma/query-plan-executor@7.2.0 OK for: @prisma/dev@0.24.3 want: 7.2.0
294 silly placeDep ROOT @prisma/streams-local@0.1.2 OK for: @prisma/dev@0.24.3 want: 0.1.2
295 silly placeDep ROOT foreground-child@3.3.1 OK for: @prisma/dev@0.24.3 want: 3.3.1
296 silly placeDep ROOT get-port-please@3.2.0 OK for: @prisma/dev@0.24.3 want: 3.2.0
297 silly placeDep ROOT http-status-codes@2.3.0 OK for: @prisma/dev@0.24.3 want: 2.3.0
298 silly placeDep ROOT pathe@2.0.3 OK for: @prisma/dev@0.24.3 want: 2.0.3
299 silly placeDep ROOT proper-lockfile@4.1.2 OK for: @prisma/dev@0.24.3 want: 4.1.2
300 silly placeDep ROOT remeda@2.33.4 OK for: @prisma/dev@0.24.3 want: 2.33.4
301 silly placeDep ROOT std-env@3.10.0 OK for: @prisma/dev@0.24.3 want: 3.10.0
302 silly placeDep ROOT valibot@1.2.0 OK for: @prisma/dev@0.24.3 want: 1.2.0
303 silly placeDep ROOT zeptomatch@2.1.0 OK for: @prisma/dev@0.24.3 want: 2.1.0
304 silly fetch manifest @prisma/debug@7.2.0
305 silly packumentCache full:https://registry.npmjs.org/@prisma%2fdebug cache-miss
306 silly fetch manifest ajv@^8.12.0
307 silly packumentCache full:https://registry.npmjs.org/ajv cache-miss
308 silly fetch manifest env-paths@^3.0.0
309 silly packumentCache full:https://registry.npmjs.org/env-paths cache-miss
310 silly fetch manifest better-result@^2.7.0
311 silly packumentCache full:https://registry.npmjs.org/better-result cache-miss
312 silly fetch manifest proper-lockfile@^4.1.2
313 silly packumentCache full:https://registry.npmjs.org/proper-lockfile cache-miss
314 silly fetch manifest signal-exit@^4.0.1
315 silly packumentCache full:https://registry.npmjs.org/signal-exit cache-miss
316 silly fetch manifest retry@^0.12.0
317 silly packumentCache full:https://registry.npmjs.org/retry cache-miss
318 http cache https://registry.npmjs.org/proper-lockfile 66ms (cache hit)
319 silly packumentCache full:https://registry.npmjs.org/proper-lockfile set size:82421 disposed:false
320 silly fetch manifest signal-exit@^3.0.2
321 silly packumentCache full:https://registry.npmjs.org/signal-exit cache-miss
322 http fetch GET 200 https://registry.npmjs.org/env-paths 85ms (cache miss)
323 silly packumentCache full:https://registry.npmjs.org/env-paths set size:undefined disposed:false
324 silly fetch manifest grammex@^3.1.11
325 silly packumentCache full:https://registry.npmjs.org/grammex cache-miss
326 http fetch GET 200 https://registry.npmjs.org/better-result 91ms (cache miss)
327 silly packumentCache full:https://registry.npmjs.org/better-result set size:undefined disposed:false
328 silly fetch manifest graphmatch@^1.1.0
329 silly packumentCache full:https://registry.npmjs.org/graphmatch cache-miss
330 http fetch GET 200 https://registry.npmjs.org/signal-exit 96ms (cache miss)
331 silly packumentCache full:https://registry.npmjs.org/signal-exit set size:undefined disposed:false
332 http fetch GET 200 https://registry.npmjs.org/retry 96ms (cache miss)
333 silly packumentCache full:https://registry.npmjs.org/retry set size:undefined disposed:false
334 http cache https://registry.npmjs.org/@prisma%2fdebug 148ms (cache hit)
335 silly packumentCache full:https://registry.npmjs.org/@prisma%2fdebug set size:28667807 disposed:false
336 http fetch GET 200 https://registry.npmjs.org/ajv 299ms (cache revalidated)
337 silly packumentCache full:https://registry.npmjs.org/ajv set size:1120197 disposed:false
338 http fetch GET 200 https://registry.npmjs.org/signal-exit 240ms (cache miss)
339 silly packumentCache full:https://registry.npmjs.org/signal-exit set size:undefined disposed:false
340 http fetch GET 200 https://registry.npmjs.org/graphmatch 251ms (cache miss)
341 silly packumentCache full:https://registry.npmjs.org/graphmatch set size:undefined disposed:false
342 http fetch GET 200 https://registry.npmjs.org/grammex 258ms (cache miss)
343 silly packumentCache full:https://registry.npmjs.org/grammex set size:undefined disposed:false
344 silly placeDep ROOT @prisma/debug@7.7.0 OK for: @prisma/engines@7.7.0 want: 7.7.0
345 silly placeDep ROOT @prisma/engines-version@7.6.0-1.75cbdc1eb7150937890ad5465d861175c6624711 OK for: @prisma/engines@7.7.0 want: 7.6.0-1.75cbdc1eb7150937890ad5465d861175c6624711
346 silly placeDep ROOT @prisma/fetch-engine@7.7.0 OK for: @prisma/engines@7.7.0 want: 7.7.0
347 silly placeDep node_modules/@prisma/engines @prisma/get-platform@7.7.0 OK for: @prisma/engines@7.7.0 want: 7.7.0
348 silly placeDep node_modules/@prisma/fetch-engine @prisma/get-platform@7.7.0 OK for: @prisma/fetch-engine@7.7.0 want: 7.7.0
349 silly placeDep node_modules/@prisma/get-platform @prisma/debug@7.2.0 OK for: @prisma/get-platform@7.2.0 want: 7.2.0
350 silly placeDep node_modules/@prisma/streams-local ajv@8.18.0 OK for: @prisma/streams-local@0.1.2 want: ^8.12.0
351 silly placeDep ROOT better-result@2.8.2 OK for: @prisma/streams-local@0.1.2 want: ^2.7.0
352 silly placeDep ROOT env-paths@3.0.0 OK for: @prisma/streams-local@0.1.2 want: ^3.0.0
353 silly fetch manifest fast-uri@^3.0.1
354 silly packumentCache full:https://registry.npmjs.org/fast-uri cache-miss
355 silly fetch manifest require-from-string@^2.0.2
356 silly packumentCache full:https://registry.npmjs.org/require-from-string cache-miss
357 silly fetch manifest json-schema-traverse@^1.0.0
358 silly packumentCache full:https://registry.npmjs.org/json-schema-traverse cache-miss
359 http fetch GET 200 https://registry.npmjs.org/require-from-string 39ms (cache miss)
360 silly packumentCache full:https://registry.npmjs.org/require-from-string set size:undefined disposed:false
361 http fetch GET 200 https://registry.npmjs.org/fast-uri 40ms (cache miss)
362 silly packumentCache full:https://registry.npmjs.org/fast-uri set size:undefined disposed:false
363 http fetch GET 200 https://registry.npmjs.org/json-schema-traverse 64ms (cache revalidated)
364 silly packumentCache full:https://registry.npmjs.org/json-schema-traverse set size:23537 disposed:false
365 silly fetch manifest @types/react-dom@*
366 silly packumentCache full:https://registry.npmjs.org/@types%2freact-dom cache-miss
367 http fetch GET 200 https://registry.npmjs.org/@types%2freact-dom 50ms (cache revalidated)
368 silly packumentCache full:https://registry.npmjs.org/@types%2freact-dom set size:429026 disposed:false
369 silly placeDep ROOT @radix-ui/react-toggle@1.1.10 OK for: @prisma/studio-core@0.27.3 want: 1.1.10
370 silly placeDep ROOT chart.js@4.5.1 OK for: @prisma/studio-core@0.27.3 want: 4.5.1
371 silly fetch manifest @radix-ui/primitive@1.1.3
372 silly packumentCache full:https://registry.npmjs.org/@radix-ui%2fprimitive cache-miss
373 silly fetch manifest @radix-ui/react-primitive@2.1.3
374 silly packumentCache full:https://registry.npmjs.org/@radix-ui%2freact-primitive cache-miss
375 silly fetch manifest @radix-ui/react-use-controllable-state@1.2.2
376 silly packumentCache full:https://registry.npmjs.org/@radix-ui%2freact-use-controllable-state cache-miss
377 silly fetch manifest @kurkle/color@^0.3.0
378 silly packumentCache full:https://registry.npmjs.org/@kurkle%2fcolor cache-miss
379 http fetch GET 200 https://registry.npmjs.org/@kurkle%2fcolor 67ms (cache miss)
380 silly packumentCache full:https://registry.npmjs.org/@kurkle%2fcolor set size:undefined disposed:false
381 http fetch GET 200 https://registry.npmjs.org/@radix-ui%2freact-primitive 74ms (cache miss)
382 silly packumentCache full:https://registry.npmjs.org/@radix-ui%2freact-primitive set size:undefined disposed:false
383 http fetch GET 200 https://registry.npmjs.org/@radix-ui%2freact-use-controllable-state 82ms (cache miss)
384 silly packumentCache full:https://registry.npmjs.org/@radix-ui%2freact-use-controllable-state set size:undefined disposed:false
385 http fetch GET 200 https://registry.npmjs.org/@radix-ui%2fprimitive 177ms (cache miss)
386 silly packumentCache full:https://registry.npmjs.org/@radix-ui%2fprimitive set size:undefined disposed:false
387 silly fetch manifest @types/react@*
388 silly packumentCache full:https://registry.npmjs.org/@types%2freact cache-miss
389 http cache https://registry.npmjs.org/@types%2freact 15ms (cache hit)
390 silly packumentCache full:https://registry.npmjs.org/@types%2freact set size:2588964 disposed:false
391 silly fetch manifest react@^16.8 || ^17.0 || ^18.0 || ^19.0 || ^19.0.0-rc
392 silly packumentCache full:https://registry.npmjs.org/react cache-miss
393 http cache https://registry.npmjs.org/react 30ms (cache hit)
394 silly packumentCache full:https://registry.npmjs.org/react set size:6598084 disposed:false
395 silly fetch manifest react-dom@^16.8 || ^17.0 || ^18.0 || ^19.0 || ^19.0.0-rc
396 silly packumentCache full:https://registry.npmjs.org/react-dom cache-miss
397 http cache https://registry.npmjs.org/react-dom 39ms (cache hit)
398 silly packumentCache full:https://registry.npmjs.org/react-dom set size:8778661 disposed:false
399 silly placeDep ROOT @radix-ui/primitive@1.1.3 OK for: @radix-ui/react-toggle@1.1.10 want: 1.1.3
400 silly placeDep ROOT @radix-ui/react-primitive@2.1.3 OK for: @radix-ui/react-toggle@1.1.10 want: 2.1.3
401 silly placeDep ROOT @radix-ui/react-use-controllable-state@1.2.2 OK for: @radix-ui/react-toggle@1.1.10 want: 1.2.2
402 silly fetch manifest @radix-ui/react-slot@1.2.3
403 silly packumentCache full:https://registry.npmjs.org/@radix-ui%2freact-slot cache-miss
404 silly fetch manifest @radix-ui/react-use-effect-event@0.0.2
405 silly packumentCache full:https://registry.npmjs.org/@radix-ui%2freact-use-effect-event cache-miss
406 silly fetch manifest @radix-ui/react-use-layout-effect@1.1.1
407 silly packumentCache full:https://registry.npmjs.org/@radix-ui%2freact-use-layout-effect cache-miss
408 http fetch GET 200 https://registry.npmjs.org/@radix-ui%2freact-use-layout-effect 92ms (cache miss)
409 silly packumentCache full:https://registry.npmjs.org/@radix-ui%2freact-use-layout-effect set size:undefined disposed:false
410 http fetch GET 200 https://registry.npmjs.org/@radix-ui%2freact-slot 95ms (cache miss)
411 silly packumentCache full:https://registry.npmjs.org/@radix-ui%2freact-slot set size:undefined disposed:false
412 http fetch GET 200 https://registry.npmjs.org/@radix-ui%2freact-use-effect-event 258ms (cache miss)
413 silly packumentCache full:https://registry.npmjs.org/@radix-ui%2freact-use-effect-event set size:undefined disposed:false
414 silly placeDep ROOT @radix-ui/react-slot@1.2.3 OK for: @radix-ui/react-primitive@2.1.3 want: 1.2.3
415 silly fetch manifest @radix-ui/react-compose-refs@1.1.2
416 silly packumentCache full:https://registry.npmjs.org/@radix-ui%2freact-compose-refs cache-miss
417 http fetch GET 200 https://registry.npmjs.org/@radix-ui%2freact-compose-refs 90ms (cache miss)
418 silly packumentCache full:https://registry.npmjs.org/@radix-ui%2freact-compose-refs set size:undefined disposed:false
419 silly placeDep ROOT @radix-ui/react-compose-refs@1.1.2 OK for: @radix-ui/react-slot@1.2.3 want: 1.1.2
420 silly placeDep ROOT @radix-ui/react-use-effect-event@0.0.2 OK for: @radix-ui/react-use-controllable-state@1.2.2 want: 0.0.2
421 silly placeDep ROOT @radix-ui/react-use-layout-effect@1.1.1 OK for: @radix-ui/react-use-controllable-state@1.2.2 want: 1.1.1
422 silly placeDep ROOT chokidar@4.0.3 OK for: c12@3.1.0 want: ^4.0.3
423 silly placeDep ROOT confbox@0.2.4 OK for: c12@3.1.0 want: ^0.2.2
424 silly placeDep ROOT defu@6.1.7 OK for: c12@3.1.0 want: ^6.1.4
425 silly placeDep ROOT dotenv@16.6.1 OK for: c12@3.1.0 want: ^16.6.1
426 silly placeDep ROOT exsolve@1.0.8 OK for: c12@3.1.0 want: ^1.0.7
427 silly placeDep ROOT giget@2.0.0 OK for: c12@3.1.0 want: ^2.0.0
428 silly placeDep ROOT ohash@2.0.11 OK for: c12@3.1.0 want: ^2.0.11
429 silly placeDep ROOT perfect-debounce@1.0.0 OK for: c12@3.1.0 want: ^1.0.0
430 silly placeDep ROOT pkg-types@2.3.0 OK for: c12@3.1.0 want: ^2.2.0
431 silly placeDep ROOT rc9@2.1.2 OK for: c12@3.1.0 want: ^2.1.2
432 silly fetch manifest readdirp@^4.0.1
433 silly packumentCache full:https://registry.npmjs.org/readdirp cache-miss
434 silly fetch manifest nypm@^0.6.0
435 silly packumentCache full:https://registry.npmjs.org/nypm cache-miss
436 silly fetch manifest citty@^0.1.6
437 silly packumentCache full:https://registry.npmjs.org/citty cache-miss
438 silly fetch manifest consola@^3.4.0
439 silly packumentCache full:https://registry.npmjs.org/consola cache-miss
440 silly fetch manifest node-fetch-native@^1.6.6
441 silly packumentCache full:https://registry.npmjs.org/node-fetch-native cache-miss
442 silly fetch manifest destr@^2.0.3
443 silly packumentCache full:https://registry.npmjs.org/destr cache-miss
444 http fetch GET 200 https://registry.npmjs.org/nypm 53ms (cache miss)
445 silly packumentCache full:https://registry.npmjs.org/nypm set size:undefined disposed:false
446 http fetch GET 200 https://registry.npmjs.org/readdirp 57ms (cache miss)
447 silly packumentCache full:https://registry.npmjs.org/readdirp set size:undefined disposed:false
448 http fetch GET 200 https://registry.npmjs.org/destr 59ms (cache miss)
449 silly packumentCache full:https://registry.npmjs.org/destr set size:undefined disposed:false
450 http fetch GET 200 https://registry.npmjs.org/consola 66ms (cache miss)
451 silly packumentCache full:https://registry.npmjs.org/consola set size:undefined disposed:false
452 http fetch GET 200 https://registry.npmjs.org/node-fetch-native 70ms (cache miss)
453 silly packumentCache full:https://registry.npmjs.org/node-fetch-native set size:undefined disposed:false
454 http fetch GET 200 https://registry.npmjs.org/citty 85ms (cache miss)
455 silly packumentCache full:https://registry.npmjs.org/citty set size:undefined disposed:false
456 silly placeDep ROOT @kurkle/color@0.3.4 OK for: chart.js@4.5.1 want: ^0.3.0
457 silly placeDep ROOT readdirp@4.1.2 OK for: chokidar@4.0.3 want: ^4.0.1
458 silly placeDep ROOT @standard-schema/spec@1.1.0 OK for: effect@3.20.0 want: ^1.0.0
459 silly placeDep ROOT fast-check@3.23.2 OK for: effect@3.20.0 want: ^3.23.1
460 silly fetch manifest pure-rand@^6.1.0
461 silly packumentCache full:https://registry.npmjs.org/pure-rand cache-miss
462 http fetch GET 200 https://registry.npmjs.org/pure-rand 43ms (cache miss)
463 silly packumentCache full:https://registry.npmjs.org/pure-rand set size:undefined disposed:false
464 silly placeDep ROOT pure-rand@6.1.0 OK for: fast-check@3.23.2 want: ^6.1.0
465 silly placeDep ROOT signal-exit@4.1.0 OK for: foreground-child@3.3.1 want: ^4.0.1
466 silly placeDep ROOT citty@0.1.6 OK for: giget@2.0.0 want: ^0.1.6
467 silly placeDep ROOT consola@3.4.2 OK for: giget@2.0.0 want: ^3.4.0
468 silly placeDep ROOT node-fetch-native@1.6.7 OK for: giget@2.0.0 want: ^1.6.6
469 silly placeDep ROOT nypm@0.6.5 OK for: giget@2.0.0 want: ^0.6.0
470 silly fetch manifest consola@^3.2.3
471 silly packumentCache full:https://registry.npmjs.org/consola cache-miss
472 silly fetch manifest citty@^0.2.0
473 silly packumentCache full:https://registry.npmjs.org/citty cache-miss
474 silly fetch manifest tinyexec@^1.0.2
475 silly packumentCache full:https://registry.npmjs.org/tinyexec cache-miss
476 http cache https://registry.npmjs.org/citty 8ms (cache hit)
477 silly packumentCache full:https://registry.npmjs.org/citty set size:38582 disposed:false
478 http cache https://registry.npmjs.org/consola 12ms (cache hit)
479 silly packumentCache full:https://registry.npmjs.org/consola set size:324648 disposed:false
480 http fetch GET 200 https://registry.npmjs.org/tinyexec 38ms (cache miss)
481 silly packumentCache full:https://registry.npmjs.org/tinyexec set size:undefined disposed:false
482 silly placeDep ROOT aws-ssl-profiles@1.1.2 OK for: mysql2@3.15.3 want: ^1.1.1
483 silly placeDep ROOT denque@2.1.0 OK for: mysql2@3.15.3 want: ^2.1.0
484 silly placeDep ROOT generate-function@2.3.1 OK for: mysql2@3.15.3 want: ^2.3.1
485 silly placeDep ROOT iconv-lite@0.7.2 OK for: mysql2@3.15.3 want: ^0.7.0
486 silly placeDep ROOT long@5.3.2 OK for: mysql2@3.15.3 want: ^5.2.1
487 silly placeDep ROOT lru.min@1.1.4 OK for: mysql2@3.15.3 want: ^1.0.0
488 silly placeDep ROOT named-placeholders@1.1.6 OK for: mysql2@3.15.3 want: ^1.1.3
489 silly placeDep ROOT seq-queue@0.0.5 OK for: mysql2@3.15.3 want: ^0.0.5
490 silly placeDep ROOT sqlstring@2.3.3 OK for: mysql2@3.15.3 want: ^2.3.2
491 silly fetch manifest is-property@^1.0.2
492 silly packumentCache full:https://registry.npmjs.org/is-property cache-miss
493 silly fetch manifest safer-buffer@>= 2.1.2 < 3.0.0
494 silly packumentCache full:https://registry.npmjs.org/safer-buffer cache-miss
495 http fetch GET 200 https://registry.npmjs.org/safer-buffer 89ms (cache miss)
496 silly packumentCache full:https://registry.npmjs.org/safer-buffer set size:undefined disposed:false
497 http fetch GET 200 https://registry.npmjs.org/is-property 90ms (cache miss)
498 silly packumentCache full:https://registry.npmjs.org/is-property set size:undefined disposed:false
499 silly placeDep ROOT is-property@1.0.2 OK for: generate-function@2.3.1 want: ^1.0.2
500 silly placeDep ROOT safer-buffer@2.1.2 OK for: iconv-lite@0.7.2 want: >= 2.1.2 < 3.0.0
501 silly placeDep node_modules/nypm citty@0.2.2 OK for: nypm@0.6.5 want: ^0.2.0
502 silly placeDep ROOT tinyexec@1.1.1 OK for: nypm@0.6.5 want: ^1.0.2
503 silly placeDep ROOT retry@0.12.0 OK for: proper-lockfile@4.1.2 want: ^0.12.0
504 silly placeDep node_modules/proper-lockfile signal-exit@3.0.7 OK for: proper-lockfile@4.1.2 want: ^3.0.2
505 silly placeDep ROOT destr@2.0.5 OK for: rc9@2.1.2 want: ^2.0.3
506 silly placeDep ROOT grammex@3.1.12 OK for: zeptomatch@2.1.0 want: ^3.1.11
507 silly placeDep ROOT graphmatch@1.1.1 OK for: zeptomatch@2.1.0 want: ^1.1.0
508 silly placeDep ROOT fast-uri@3.1.0 OK for: ajv@8.18.0 want: ^3.0.1
509 silly placeDep node_modules/@prisma/streams-local json-schema-traverse@1.0.0 OK for: ajv@8.18.0 want: ^1.0.0
510 silly placeDep ROOT require-from-string@2.0.2 OK for: ajv@8.18.0 want: ^2.0.2
511 silly reify moves {}
512 silly audit bulk request {
512 silly audit   '@alloc/quick-lru': [ '5.2.0' ],
512 silly audit   '@babel/code-frame': [ '7.29.0' ],
512 silly audit   '@babel/compat-data': [ '7.29.0' ],
512 silly audit   '@babel/core': [ '7.29.0' ],
512 silly audit   '@babel/generator': [ '7.29.1' ],
512 silly audit   '@babel/helper-compilation-targets': [ '7.28.6' ],
512 silly audit   '@babel/helper-globals': [ '7.28.0' ],
512 silly audit   '@babel/helper-module-imports': [ '7.28.6' ],
512 silly audit   '@babel/helper-module-transforms': [ '7.28.6' ],
512 silly audit   '@babel/helper-string-parser': [ '7.27.1' ],
512 silly audit   '@babel/helper-validator-identifier': [ '7.28.5' ],
512 silly audit   '@babel/helper-validator-option': [ '7.27.1' ],
512 silly audit   '@babel/helpers': [ '7.29.2' ],
512 silly audit   '@babel/parser': [ '7.29.2' ],
512 silly audit   '@babel/template': [ '7.28.6' ],
512 silly audit   '@babel/traverse': [ '7.29.0' ],
512 silly audit   '@babel/types': [ '7.29.0' ],
512 silly audit   '@emnapi/core': [ '1.9.2' ],
512 silly audit   '@emnapi/runtime': [ '1.9.2' ],
512 silly audit   '@emnapi/wasi-threads': [ '1.2.1' ],
512 silly audit   '@eslint-community/eslint-utils': [ '4.9.1' ],
512 silly audit   'eslint-visitor-keys': [ '3.4.3', '5.0.1', '4.2.1' ],
512 silly audit   '@eslint-community/regexpp': [ '4.12.2' ],
512 silly audit   '@eslint/config-array': [ '0.21.2' ],
512 silly audit   '@eslint/config-helpers': [ '0.4.2' ],
512 silly audit   '@eslint/core': [ '0.17.0' ],
512 silly audit   '@eslint/eslintrc': [ '3.3.5' ],
512 silly audit   '@eslint/js': [ '9.39.4' ],
512 silly audit   '@eslint/object-schema': [ '2.1.7' ],
512 silly audit   '@eslint/plugin-kit': [ '0.4.1' ],
512 silly audit   '@humanfs/core': [ '0.19.1' ],
512 silly audit   '@humanfs/node': [ '0.16.7' ],
512 silly audit   '@humanwhocodes/module-importer': [ '1.0.1' ],
512 silly audit   '@humanwhocodes/retry': [ '0.4.3' ],
512 silly audit   '@img/colour': [ '1.1.0' ],
512 silly audit   '@img/sharp-darwin-arm64': [ '0.34.5' ],
512 silly audit   '@img/sharp-darwin-x64': [ '0.34.5' ],
512 silly audit   '@img/sharp-libvips-darwin-arm64': [ '1.2.4' ],
512 silly audit   '@img/sharp-libvips-darwin-x64': [ '1.2.4' ],
512 silly audit   '@img/sharp-libvips-linux-arm': [ '1.2.4' ],
512 silly audit   '@img/sharp-libvips-linux-arm64': [ '1.2.4' ],
512 silly audit   '@img/sharp-libvips-linux-ppc64': [ '1.2.4' ],
512 silly audit   '@img/sharp-libvips-linux-riscv64': [ '1.2.4' ],
512 silly audit   '@img/sharp-libvips-linux-s390x': [ '1.2.4' ],
512 silly audit   '@img/sharp-libvips-linux-x64': [ '1.2.4' ],
512 silly audit   '@img/sharp-libvips-linuxmusl-arm64': [ '1.2.4' ],
512 silly audit   '@img/sharp-libvips-linuxmusl-x64': [ '1.2.4' ],
512 silly audit   '@img/sharp-linux-arm': [ '0.34.5' ],
512 silly audit   '@img/sharp-linux-arm64': [ '0.34.5' ],
512 silly audit   '@img/sharp-linux-ppc64': [ '0.34.5' ],
512 silly audit   '@img/sharp-linux-riscv64': [ '0.34.5' ],
512 silly audit   '@img/sharp-linux-s390x': [ '0.34.5' ],
512 silly audit   '@img/sharp-linux-x64': [ '0.34.5' ],
512 silly audit   '@img/sharp-linuxmusl-arm64': [ '0.34.5' ],
512 silly audit   '@img/sharp-linuxmusl-x64': [ '0.34.5' ],
512 silly audit   '@img/sharp-wasm32': [ '0.34.5' ],
512 silly audit   '@img/sharp-win32-arm64': [ '0.34.5' ],
512 silly audit   '@img/sharp-win32-ia32': [ '0.34.5' ],
512 silly audit   '@img/sharp-win32-x64': [ '0.34.5' ],
512 silly audit   '@jridgewell/gen-mapping': [ '0.3.13' ],
512 silly audit   '@jridgewell/remapping': [ '2.3.5' ],
512 silly audit   '@jridgewell/resolve-uri': [ '3.1.2' ],
512 silly audit   '@jridgewell/sourcemap-codec': [ '1.5.5' ],
512 silly audit   '@jridgewell/trace-mapping': [ '0.3.31' ],
512 silly audit   '@napi-rs/wasm-runtime': [ '0.2.12' ],
512 silly audit   '@next/env': [ '16.2.3' ],
512 silly audit   '@next/eslint-plugin-next': [ '16.2.3' ],
512 silly audit   '@next/swc-darwin-arm64': [ '16.2.3' ],
512 silly audit   '@next/swc-darwin-x64': [ '16.2.3' ],
512 silly audit   '@next/swc-linux-arm64-gnu': [ '16.2.3' ],
512 silly audit   '@next/swc-linux-arm64-musl': [ '16.2.3' ],
512 silly audit   '@next/swc-linux-x64-gnu': [ '16.2.3' ],
512 silly audit   '@next/swc-linux-x64-musl': [ '16.2.3' ],
512 silly audit   '@next/swc-win32-arm64-msvc': [ '16.2.3' ],
512 silly audit   '@next/swc-win32-x64-msvc': [ '16.2.3' ],
512 silly audit   '@nodelib/fs.scandir': [ '2.1.5' ],
512 silly audit   '@nodelib/fs.stat': [ '2.0.5' ],
512 silly audit   '@nodelib/fs.walk': [ '1.2.8' ],
512 silly audit   '@nolyfill/is-core-module': [ '1.0.39' ],
512 silly audit   '@rtsao/scc': [ '1.1.0' ],
512 silly audit   '@swc/helpers': [ '0.5.15' ],
512 silly audit   '@tailwindcss/node': [ '4.2.2' ],
512 silly audit   '@tailwindcss/oxide': [ '4.2.2' ],
512 silly audit   '@tailwindcss/oxide-android-arm64': [ '4.2.2' ],
512 silly audit   '@tailwindcss/oxide-darwin-arm64': [ '4.2.2' ],
512 silly audit   '@tailwindcss/oxide-darwin-x64': [ '4.2.2' ],
512 silly audit   '@tailwindcss/oxide-freebsd-x64': [ '4.2.2' ],
512 silly audit   '@tailwindcss/oxide-linux-arm-gnueabihf': [ '4.2.2' ],
512 silly audit   '@tailwindcss/oxide-linux-arm64-gnu': [ '4.2.2' ],
512 silly audit   '@tailwindcss/oxide-linux-arm64-musl': [ '4.2.2' ],
512 silly audit   '@tailwindcss/oxide-linux-x64-gnu': [ '4.2.2' ],
512 silly audit   '@tailwindcss/oxide-linux-x64-musl': [ '4.2.2' ],
512 silly audit   '@tailwindcss/oxide-wasm32-wasi': [ '4.2.2' ],
512 silly audit   '@tailwindcss/oxide-win32-arm64-msvc': [ '4.2.2' ],
512 silly audit   '@tailwindcss/oxide-win32-x64-msvc': [ '4.2.2' ],
512 silly audit   '@tailwindcss/postcss': [ '4.2.2' ],
512 silly audit   '@tybys/wasm-util': [ '0.10.1' ],
512 silly audit   '@types/estree': [ '1.0.8' ],
512 silly audit   '@types/json-schema': [ '7.0.15' ],
512 silly audit   '@types/json5': [ '0.0.29' ],
512 silly audit   '@types/node': [ '20.19.39' ],
512 silly audit   '@types/react': [ '19.2.14' ],
512 silly audit   '@types/react-dom': [ '19.2.3' ],
512 silly audit   '@typescript-eslint/eslint-plugin': [ '8.58.1' ],
512 silly audit   ignore: [ '7.0.5', '5.3.2' ],
512 silly audit   '@typescript-eslint/parser': [ '8.58.1' ],
512 silly audit   '@typescript-eslint/project-service': [ '8.58.1' ],
512 silly audit   '@typescript-eslint/scope-manager': [ '8.58.1' ],
512 silly audit   '@typescript-eslint/tsconfig-utils': [ '8.58.1' ],
512 silly audit   '@typescript-eslint/type-utils': [ '8.58.1' ],
512 silly audit   '@typescript-eslint/types': [ '8.58.1' ],
512 silly audit   '@typescript-eslint/typescript-estree': [ '8.58.1' ],
512 silly audit   'balanced-match': [ '4.0.4', '1.0.2' ],
512 silly audit   'brace-expansion': [ '5.0.5', '1.1.13' ],
512 silly audit   minimatch: [ '10.2.5', '3.1.5' ],
512 silly audit   semver: [ '7.7.4', '6.3.1' ],
512 silly audit   '@typescript-eslint/utils': [ '8.58.1' ],
512 silly audit   '@typescript-eslint/visitor-keys': [ '8.58.1' ],
512 silly audit   '@unrs/resolver-binding-android-arm-eabi': [ '1.11.1' ],
512 silly audit   '@unrs/resolver-binding-android-arm64': [ '1.11.1' ],
512 silly audit   '@unrs/resolver-binding-darwin-arm64': [ '1.11.1' ],
512 silly audit   '@unrs/resolver-binding-darwin-x64': [ '1.11.1' ],
512 silly audit   '@unrs/resolver-binding-freebsd-x64': [ '1.11.1' ],
512 silly audit   '@unrs/resolver-binding-linux-arm-gnueabihf': [ '1.11.1' ],
512 silly audit   '@unrs/resolver-binding-linux-arm-musleabihf': [ '1.11.1' ],
512 silly audit   '@unrs/resolver-binding-linux-arm64-gnu': [ '1.11.1' ],
512 silly audit   '@unrs/resolver-binding-linux-arm64-musl': [ '1.11.1' ],
512 silly audit   '@unrs/resolver-binding-linux-ppc64-gnu': [ '1.11.1' ],
512 silly audit   '@unrs/resolver-binding-linux-riscv64-gnu': [ '1.11.1' ],
512 silly audit   '@unrs/resolver-binding-linux-riscv64-musl': [ '1.11.1' ],
512 silly audit   '@unrs/resolver-binding-linux-s390x-gnu': [ '1.11.1' ],
512 silly audit   '@unrs/resolver-binding-linux-x64-gnu': [ '1.11.1' ],
512 silly audit   '@unrs/resolver-binding-linux-x64-musl': [ '1.11.1' ],
512 silly audit   '@unrs/resolver-binding-wasm32-wasi': [ '1.11.1' ],
512 silly audit   '@unrs/resolver-binding-win32-arm64-msvc': [ '1.11.1' ],
512 silly audit   '@unrs/resolver-binding-win32-ia32-msvc': [ '1.11.1' ],
512 silly audit   '@unrs/resolver-binding-win32-x64-msvc': [ '1.11.1' ],
512 silly audit   acorn: [ '8.16.0' ],
512 silly audit   'acorn-jsx': [ '5.3.2' ],
512 silly audit   ajv: [ '6.14.0', '8.18.0' ],
512 silly audit   'ansi-styles': [ '4.3.0' ],
512 silly audit   argparse: [ '2.0.1' ],
512 silly audit   'aria-query': [ '5.3.2' ],
512 silly audit   'array-buffer-byte-length': [ '1.0.2' ],
512 silly audit   'array-includes': [ '3.1.9' ],
512 silly audit   'array.prototype.findlast': [ '1.2.5' ],
512 silly audit   'array.prototype.findlastindex': [ '1.2.6' ],
512 silly audit   'array.prototype.flat': [ '1.3.3' ],
512 silly audit   'array.prototype.flatmap': [ '1.3.3' ],
512 silly audit   'array.prototype.tosorted': [ '1.1.4' ],
512 silly audit   'arraybuffer.prototype.slice': [ '1.0.4' ],
512 silly audit   'ast-types-flow': [ '0.0.8' ],
512 silly audit   'async-function': [ '1.0.0' ],
512 silly audit   'available-typed-arrays': [ '1.0.7' ],
512 silly audit   'axe-core': [ '4.11.2' ],
512 silly audit   'axobject-query': [ '4.1.0' ],
512 silly audit   'baseline-browser-mapping': [ '2.10.17' ],
512 silly audit   braces: [ '3.0.3' ],
512 silly audit   browserslist: [ '4.28.2' ],
512 silly audit   'call-bind': [ '1.0.9' ],
512 silly audit   'call-bind-apply-helpers': [ '1.0.2' ],
512 silly audit   'call-bound': [ '1.0.4' ],
512 silly audit   callsites: [ '3.1.0' ],
512 silly audit   'caniuse-lite': [ '1.0.30001787' ],
512 silly audit   chalk: [ '4.1.2' ],
512 silly audit   'client-only': [ '0.0.1' ],
512 silly audit   'color-convert': [ '2.0.1' ],
512 silly audit   'color-name': [ '1.1.4' ],
512 silly audit   'concat-map': [ '0.0.1' ],
512 silly audit   'convert-source-map': [ '2.0.0' ],
512 silly audit   'cross-spawn': [ '7.0.6' ],
512 silly audit   csstype: [ '3.2.3' ],
512 silly audit   'damerau-levenshtein': [ '1.0.8' ],
512 silly audit   'data-view-buffer': [ '1.0.2' ],
512 silly audit   'data-view-byte-length': [ '1.0.2' ],
512 silly audit   'data-view-byte-offset': [ '1.0.1' ],
512 silly audit   debug: [ '4.4.3', '3.2.7' ],
512 silly audit   'deep-is': [ '0.1.4' ],
512 silly audit   'define-data-property': [ '1.1.4' ],
512 silly audit   'define-properties': [ '1.2.1' ],
512 silly audit   'detect-libc': [ '2.1.2' ],
512 silly audit   doctrine: [ '2.1.0' ],
512 silly audit   'dunder-proto': [ '1.0.1' ],
512 silly audit   'electron-to-chromium': [ '1.5.334' ],
512 silly audit   'emoji-regex': [ '9.2.2' ],
512 silly audit   'enhanced-resolve': [ '5.20.1' ],
512 silly audit   'es-abstract': [ '1.24.2' ],
512 silly audit   'es-define-property': [ '1.0.1' ],
512 silly audit   'es-errors': [ '1.3.0' ],
512 silly audit   'es-iterator-helpers': [ '1.3.2' ],
512 silly audit   'es-object-atoms': [ '1.1.1' ],
512 silly audit   'es-set-tostringtag': [ '2.1.0' ],
512 silly audit   'es-shim-unscopables': [ '1.1.0' ],
512 silly audit   'es-to-primitive': [ '1.3.0' ],
512 silly audit   escalade: [ '3.2.0' ],
512 silly audit   'escape-string-regexp': [ '4.0.0' ],
512 silly audit   eslint: [ '9.39.4' ],
512 silly audit   'eslint-config-next': [ '16.2.3' ],
512 silly audit   globals: [ '16.4.0', '14.0.0' ],
512 silly audit   'eslint-import-resolver-node': [ '0.3.10' ],
512 silly audit   'eslint-import-resolver-typescript': [ '3.10.1' ],
512 silly audit   'eslint-module-utils': [ '2.12.1' ],
512 silly audit   'eslint-plugin-import': [ '2.32.0' ],
512 silly audit   'eslint-plugin-jsx-a11y': [ '6.10.2' ],
512 silly audit   'eslint-plugin-react': [ '7.37.5' ],
512 silly audit   'eslint-plugin-react-hooks': [ '7.0.1' ],
512 silly audit   'eslint-scope': [ '8.4.0' ],
512 silly audit   espree: [ '10.4.0' ],
512 silly audit   esquery: [ '1.7.0' ],
512 silly audit   esrecurse: [ '4.3.0' ],
512 silly audit   estraverse: [ '5.3.0' ],
512 silly audit   esutils: [ '2.0.3' ],
512 silly audit   'fast-deep-equal': [ '3.1.3' ],
512 silly audit   'fast-glob': [ '3.3.1' ],
512 silly audit   'glob-parent': [ '5.1.2', '6.0.2' ],
512 silly audit   'fast-json-stable-stringify': [ '2.1.0' ],
512 silly audit   'fast-levenshtein': [ '2.0.6' ],
512 silly audit   fastq: [ '1.20.1' ],
512 silly audit   'file-entry-cache': [ '8.0.0' ],
512 silly audit   'fill-range': [ '7.1.1' ],
512 silly audit   'find-up': [ '5.0.0' ],
512 silly audit   'flat-cache': [ '4.0.1' ],
512 silly audit   flatted: [ '3.4.2' ],
512 silly audit   'for-each': [ '0.3.5' ],
512 silly audit   'function-bind': [ '1.1.2' ],
512 silly audit   'function.prototype.name': [ '1.1.8' ],
512 silly audit   'functions-have-names': [ '1.2.3' ],
512 silly audit   'generator-function': [ '2.0.1' ],
512 silly audit   gensync: [ '1.0.0-beta.2' ],
512 silly audit   'get-intrinsic': [ '1.3.0' ],
512 silly audit   'get-proto': [ '1.0.1' ],
512 silly audit   'get-symbol-description': [ '1.1.0' ],
512 silly audit   'get-tsconfig': [ '4.13.7' ],
512 silly audit   globalthis: [ '1.0.4' ],
512 silly audit   gopd: [ '1.2.0' ],
512 silly audit   'graceful-fs': [ '4.2.11' ],
512 silly audit   'has-bigints': [ '1.1.0' ],
512 silly audit   'has-flag': [ '4.0.0' ],
512 silly audit   'has-property-descriptors': [ '1.0.2' ],
512 silly audit   'has-proto': [ '1.2.0' ],
512 silly audit   'has-symbols': [ '1.1.0' ],
512 silly audit   'has-tostringtag': [ '1.0.2' ],
512 silly audit   hasown: [ '2.0.2' ],
512 silly audit   'hermes-estree': [ '0.25.1' ],
512 silly audit   'hermes-parser': [ '0.25.1' ],
512 silly audit   'import-fresh': [ '3.3.1' ],
512 silly audit   imurmurhash: [ '0.1.4' ],
512 silly audit   'internal-slot': [ '1.1.0' ],
512 silly audit   'is-array-buffer': [ '3.0.5' ],
512 silly audit   'is-async-function': [ '2.1.1' ],
512 silly audit   'is-bigint': [ '1.1.0' ],
512 silly audit   'is-boolean-object': [ '1.2.2' ],
512 silly audit   'is-bun-module': [ '2.0.0' ],
512 silly audit   'is-callable': [ '1.2.7' ],
512 silly audit   'is-core-module': [ '2.16.1' ],
512 silly audit   'is-data-view': [ '1.0.2' ],
512 silly audit   'is-date-object': [ '1.1.0' ],
512 silly audit   'is-extglob': [ '2.1.1' ],
512 silly audit   'is-finalizationregistry': [ '1.1.1' ],
512 silly audit   'is-generator-function': [ '1.1.2' ],
512 silly audit   'is-glob': [ '4.0.3' ],
512 silly audit   'is-map': [ '2.0.3' ],
512 silly audit   'is-negative-zero': [ '2.0.3' ],
512 silly audit   'is-number': [ '7.0.0' ],
512 silly audit   'is-number-object': [ '1.1.1' ],
512 silly audit   'is-regex': [ '1.2.1' ],
512 silly audit   'is-set': [ '2.0.3' ],
512 silly audit   'is-shared-array-buffer': [ '1.0.4' ],
512 silly audit   'is-string': [ '1.1.1' ],
512 silly audit   'is-symbol': [ '1.1.1' ],
512 silly audit   'is-typed-array': [ '1.1.15' ],
512 silly audit   'is-weakmap': [ '2.0.2' ],
512 silly audit   'is-weakref': [ '1.1.1' ],
512 silly audit   'is-weakset': [ '2.0.4' ],
512 silly audit   isarray: [ '2.0.5' ],
512 silly audit   isexe: [ '2.0.0' ],
512 silly audit   'iterator.prototype': [ '1.1.5' ],
512 silly audit   jiti: [ '2.6.1' ],
512 silly audit   'js-tokens': [ '4.0.0' ],
512 silly audit   'js-yaml': [ '4.1.1' ],
512 silly audit   jsesc: [ '3.1.0' ],
512 silly audit   'json-buffer': [ '3.0.1' ],
512 silly audit   'json-schema-traverse': [ '0.4.1', '1.0.0' ],
512 silly audit   'json-stable-stringify-without-jsonify': [ '1.0.1' ],
512 silly audit   json5: [ '2.2.3', '1.0.2' ],
512 silly audit   'jsx-ast-utils': [ '3.3.5' ],
512 silly audit   keyv: [ '4.5.4' ],
512 silly audit   'language-subtag-registry': [ '0.3.23' ],
512 silly audit   'language-tags': [ '1.0.9' ],
512 silly audit   levn: [ '0.4.1' ],
512 silly audit   lightningcss: [ '1.32.0' ],
512 silly audit   'lightningcss-android-arm64': [ '1.32.0' ],
512 silly audit   'lightningcss-darwin-arm64': [ '1.32.0' ],
512 silly audit   'lightningcss-darwin-x64': [ '1.32.0' ],
512 silly audit   'lightningcss-freebsd-x64': [ '1.32.0' ],
512 silly audit   'lightningcss-linux-arm-gnueabihf': [ '1.32.0' ],
512 silly audit   'lightningcss-linux-arm64-gnu': [ '1.32.0' ],
512 silly audit   'lightningcss-linux-arm64-musl': [ '1.32.0' ],
512 silly audit   'lightningcss-linux-x64-gnu': [ '1.32.0' ],
512 silly audit   'lightningcss-linux-x64-musl': [ '1.32.0' ],
512 silly audit   'lightningcss-win32-arm64-msvc': [ '1.32.0' ],
512 silly audit   'lightningcss-win32-x64-msvc': [ '1.32.0' ],
512 silly audit   'locate-path': [ '6.0.0' ],
512 silly audit   'lodash.merge': [ '4.6.2' ],
512 silly audit   'loose-envify': [ '1.4.0' ],
512 silly audit   'lru-cache': [ '5.1.1' ],
512 silly audit   'magic-string': [ '0.30.21' ],
512 silly audit   'math-intrinsics': [ '1.1.0' ],
512 silly audit   merge2: [ '1.4.1' ],
512 silly audit   micromatch: [ '4.0.8' ],
512 silly audit   minimist: [ '1.2.8' ],
512 silly audit   ms: [ '2.1.3' ],
512 silly audit   nanoid: [ '3.3.11' ],
512 silly audit   'napi-postinstall': [ '0.3.4' ],
512 silly audit   'natural-compare': [ '1.4.0' ],
512 silly audit   next: [ '16.2.3' ],
512 silly audit   postcss: [ '8.4.31', '8.5.9' ],
512 silly audit   'node-exports-info': [ '1.6.0' ],
512 silly audit   'node-releases': [ '2.0.37' ],
512 silly audit   'object-assign': [ '4.1.1' ],
512 silly audit   'object-inspect': [ '1.13.4' ],
512 silly audit   'object-keys': [ '1.1.1' ],
512 silly audit   'object.assign': [ '4.1.7' ],
512 silly audit   'object.entries': [ '1.1.9' ],
512 silly audit   'object.fromentries': [ '2.0.8' ],
512 silly audit   'object.groupby': [ '1.0.3' ],
512 silly audit   'object.values': [ '1.2.1' ],
512 silly audit   optionator: [ '0.9.4' ],
512 silly audit   'own-keys': [ '1.0.1' ],
512 silly audit   'p-limit': [ '3.1.0' ],
512 silly audit   'p-locate': [ '5.0.0' ],
512 silly audit   'parent-module': [ '1.0.1' ],
512 silly audit   'path-exists': [ '4.0.0' ],
512 silly audit   'path-key': [ '3.1.1' ],
512 silly audit   'path-parse': [ '1.0.7' ],
512 silly audit   picocolors: [ '1.1.1' ],
512 silly audit   picomatch: [ '2.3.2', '4.0.4' ],
512 silly audit   'possible-typed-array-names': [ '1.1.0' ],
512 silly audit   'prelude-ls': [ '1.2.1' ],
512 silly audit   'prop-types': [ '15.8.1' ],
512 silly audit   punycode: [ '2.3.1' ],
512 silly audit   'queue-microtask': [ '1.2.3' ],
512 silly audit   react: [ '19.2.4' ],
512 silly audit   'react-dom': [ '19.2.4' ],
512 silly audit   'react-is': [ '16.13.1' ],
512 silly audit   'reflect.getprototypeof': [ '1.0.10' ],
512 silly audit   'regexp.prototype.flags': [ '1.5.4' ],
512 silly audit   resolve: [ '2.0.0-next.6' ],
512 silly audit   'resolve-from': [ '4.0.0' ],
512 silly audit   'resolve-pkg-maps': [ '1.0.0' ],
512 silly audit   reusify: [ '1.1.0' ],
512 silly audit   'run-parallel': [ '1.2.0' ],
512 silly audit   'safe-array-concat': [ '1.1.3' ],
512 silly audit   'safe-push-apply': [ '1.0.0' ],
512 silly audit   'safe-regex-test': [ '1.1.0' ],
512 silly audit   scheduler: [ '0.27.0' ],
512 silly audit   'set-function-length': [ '1.2.2' ],
512 silly audit   'set-function-name': [ '2.0.2' ],
512 silly audit   'set-proto': [ '1.0.0' ],
512 silly audit   sharp: [ '0.34.5' ],
512 silly audit   'shebang-command': [ '2.0.0' ],
512 silly audit   'shebang-regex': [ '3.0.0' ],
512 silly audit   'side-channel': [ '1.1.0' ],
512 silly audit   'side-channel-list': [ '1.0.1' ],
512 silly audit   'side-channel-map': [ '1.0.1' ],
512 silly audit   'side-channel-weakmap': [ '1.0.2' ],
512 silly audit   'source-map-js': [ '1.2.1' ],
512 silly audit   'stable-hash': [ '0.0.5' ],
512 silly audit   'stop-iteration-iterator': [ '1.1.0' ],
512 silly audit   'string.prototype.includes': [ '2.0.1' ],
512 silly audit   'string.prototype.matchall': [ '4.0.12' ],
512 silly audit   'string.prototype.repeat': [ '1.0.0' ],
512 silly audit   'string.prototype.trim': [ '1.2.10' ],
512 silly audit   'string.prototype.trimend': [ '1.0.9' ],
512 silly audit   'string.prototype.trimstart': [ '1.0.8' ],
512 silly audit   'strip-bom': [ '3.0.0' ],
512 silly audit   'strip-json-comments': [ '3.1.1' ],
512 silly audit   'styled-jsx': [ '5.1.6' ],
512 silly audit   'supports-color': [ '7.2.0' ],
512 silly audit   'supports-preserve-symlinks-flag': [ '1.0.0' ],
512 silly audit   tailwindcss: [ '4.2.2' ],
512 silly audit   tapable: [ '2.3.2' ],
512 silly audit   tinyglobby: [ '0.2.16' ],
512 silly audit   fdir: [ '6.5.0' ],
512 silly audit   'to-regex-range': [ '5.0.1' ],
512 silly audit   'ts-api-utils': [ '2.5.0' ],
512 silly audit   'tsconfig-paths': [ '3.15.0' ],
512 silly audit   tslib: [ '2.8.1' ],
512 silly audit   'type-check': [ '0.4.0' ],
512 silly audit   'typed-array-buffer': [ '1.0.3' ],
512 silly audit   'typed-array-byte-length': [ '1.0.3' ],
512 silly audit   'typed-array-byte-offset': [ '1.0.4' ],
512 silly audit   'typed-array-length': [ '1.0.7' ],
512 silly audit   typescript: [ '5.9.3' ],
512 silly audit   'typescript-eslint': [ '8.58.1' ],
512 silly audit   'unbox-primitive': [ '1.1.0' ],
512 silly audit   'undici-types': [ '6.21.0' ],
512 silly audit   'unrs-resolver': [ '1.11.1' ],
512 silly audit   'update-browserslist-db': [ '1.2.3' ],
512 silly audit   'uri-js': [ '4.4.1' ],
512 silly audit   which: [ '2.0.2' ],
512 silly audit   'which-boxed-primitive': [ '1.1.1' ],
512 silly audit   'which-builtin-type': [ '1.2.1' ],
512 silly audit   'which-collection': [ '1.0.2' ],
512 silly audit   'which-typed-array': [ '1.1.20' ],
512 silly audit   'word-wrap': [ '1.2.5' ],
512 silly audit   yallist: [ '3.1.1' ],
512 silly audit   'yocto-queue': [ '0.1.0' ],
512 silly audit   zod: [ '4.3.6' ],
512 silly audit   'zod-validation-error': [ '4.0.2' ],
512 silly audit   '@prisma/client': [ '7.7.0' ],
512 silly audit   prisma: [ '7.7.0' ],
512 silly audit   '@prisma/client-runtime-utils': [ '7.7.0' ],
512 silly audit   '@prisma/config': [ '7.7.0' ],
512 silly audit   '@prisma/dev': [ '0.24.3' ],
512 silly audit   '@prisma/engines': [ '7.7.0' ],
512 silly audit   '@prisma/studio-core': [ '0.27.3' ],
512 silly audit   mysql2: [ '3.15.3' ],
512 silly audit   postgres: [ '3.4.7' ],
512 silly audit   c12: [ '3.1.0' ],
512 silly audit   'deepmerge-ts': [ '7.1.5' ],
512 silly audit   effect: [ '3.20.0' ],
512 silly audit   empathic: [ '2.0.0' ],
512 silly audit   '@electric-sql/pglite': [ '0.4.1' ],
512 silly audit   '@electric-sql/pglite-socket': [ '0.1.1' ],
512 silly audit   '@electric-sql/pglite-tools': [ '0.3.1' ],
512 silly audit   '@hono/node-server': [ '1.19.11' ],
512 silly audit   hono: [ '4.12.12' ],
512 silly audit   '@prisma/get-platform': [ '7.2.0', '7.7.0' ],
512 silly audit   '@prisma/query-plan-executor': [ '7.2.0' ],
512 silly audit   '@prisma/streams-local': [ '0.1.2' ],
512 silly audit   'foreground-child': [ '3.3.1' ],
512 silly audit   'get-port-please': [ '3.2.0' ],
512 silly audit   'http-status-codes': [ '2.3.0' ],
512 silly audit   pathe: [ '2.0.3' ],
512 silly audit   'proper-lockfile': [ '4.1.2' ],
512 silly audit   remeda: [ '2.33.4' ],
512 silly audit   'std-env': [ '3.10.0' ],
512 silly audit   valibot: [ '1.2.0' ],
512 silly audit   zeptomatch: [ '2.1.0' ],
512 silly audit   '@prisma/debug': [ '7.7.0', '7.2.0' ],
512 silly audit   '@prisma/engines-version': [ '7.6.0-1.75cbdc1eb7150937890ad5465d861175c6624711' ],
512 silly audit   '@prisma/fetch-engine': [ '7.7.0' ],
512 silly audit   'better-result': [ '2.8.2' ],
512 silly audit   'env-paths': [ '3.0.0' ],
512 silly audit   '@radix-ui/react-toggle': [ '1.1.10' ],
512 silly audit   'chart.js': [ '4.5.1' ],
512 silly audit   '@radix-ui/primitive': [ '1.1.3' ],
512 silly audit   '@radix-ui/react-primitive': [ '2.1.3' ],
512 silly audit   '@radix-ui/react-use-controllable-state': [ '1.2.2' ],
512 silly audit   '@radix-ui/react-slot': [ '1.2.3' ],
512 silly audit   '@radix-ui/react-compose-refs': [ '1.1.2' ],
512 silly audit   '@radix-ui/react-use-effect-event': [ '0.0.2' ],
512 silly audit   '@radix-ui/react-use-layout-effect': [ '1.1.1' ],
512 silly audit   chokidar: [ '4.0.3' ],
512 silly audit   confbox: [ '0.2.4' ],
512 silly audit   defu: [ '6.1.7' ],
512 silly audit   dotenv: [ '16.6.1' ],
512 silly audit   exsolve: [ '1.0.8' ],
512 silly audit   giget: [ '2.0.0' ],
512 silly audit   ohash: [ '2.0.11' ],
512 silly audit   'perfect-debounce': [ '1.0.0' ],
512 silly audit   'pkg-types': [ '2.3.0' ],
512 silly audit   rc9: [ '2.1.2' ],
512 silly audit   '@kurkle/color': [ '0.3.4' ],
512 silly audit   readdirp: [ '4.1.2' ],
512 silly audit   '@standard-schema/spec': [ '1.1.0' ],
512 silly audit   'fast-check': [ '3.23.2' ],
512 silly audit   'pure-rand': [ '6.1.0' ],
512 silly audit   'signal-exit': [ '4.1.0', '3.0.7' ],
512 silly audit   citty: [ '0.1.6', '0.2.2' ],
512 silly audit   consola: [ '3.4.2' ],
512 silly audit   'node-fetch-native': [ '1.6.7' ],
512 silly audit   nypm: [ '0.6.5' ],
512 silly audit   'aws-ssl-profiles': [ '1.1.2' ],
512 silly audit   denque: [ '2.1.0' ],
512 silly audit   'generate-function': [ '2.3.1' ],
512 silly audit   'iconv-lite': [ '0.7.2' ],
512 silly audit   long: [ '5.3.2' ],
512 silly audit   'lru.min': [ '1.1.4' ],
512 silly audit   'named-placeholders': [ '1.1.6' ],
512 silly audit   'seq-queue': [ '0.0.5' ],
512 silly audit   sqlstring: [ '2.3.3' ],
512 silly audit   'is-property': [ '1.0.2' ],
512 silly audit   'safer-buffer': [ '2.1.2' ],
512 silly audit   tinyexec: [ '1.1.1' ],
512 silly audit   retry: [ '0.12.0' ],
512 silly audit   destr: [ '2.0.5' ],
512 silly audit   grammex: [ '3.1.12' ],
512 silly audit   graphmatch: [ '1.1.1' ],
512 silly audit   'fast-uri': [ '3.1.0' ],
512 silly audit   'require-from-string': [ '2.0.2' ]
512 silly audit }
513 http cache require-from-string@https://registry.npmjs.org/require-from-string/-/require-from-string-2.0.2.tgz 0ms (cache hit)
514 http cache retry@https://registry.npmjs.org/retry/-/retry-0.12.0.tgz 0ms (cache hit)
515 http cache graphmatch@https://registry.npmjs.org/graphmatch/-/graphmatch-1.1.1.tgz 0ms (cache hit)
516 http cache destr@https://registry.npmjs.org/destr/-/destr-2.0.5.tgz 1ms (cache hit)
517 http cache fast-uri@https://registry.npmjs.org/fast-uri/-/fast-uri-3.1.0.tgz 0ms (cache hit)
518 http cache grammex@https://registry.npmjs.org/grammex/-/grammex-3.1.12.tgz 0ms (cache hit)
519 http cache safer-buffer@https://registry.npmjs.org/safer-buffer/-/safer-buffer-2.1.2.tgz 0ms (cache hit)
520 http cache tinyexec@https://registry.npmjs.org/tinyexec/-/tinyexec-1.1.1.tgz 0ms (cache hit)
521 http cache long@https://registry.npmjs.org/long/-/long-5.3.2.tgz 0ms (cache hit)
522 http cache seq-queue@https://registry.npmjs.org/seq-queue/-/seq-queue-0.0.5.tgz 0ms (cache hit)
523 http cache is-property@https://registry.npmjs.org/is-property/-/is-property-1.0.2.tgz 0ms (cache hit)
524 http cache lru.min@https://registry.npmjs.org/lru.min/-/lru.min-1.1.4.tgz 0ms (cache hit)
525 http cache named-placeholders@https://registry.npmjs.org/named-placeholders/-/named-placeholders-1.1.6.tgz 0ms (cache hit)
526 http cache iconv-lite@https://registry.npmjs.org/iconv-lite/-/iconv-lite-0.7.2.tgz 0ms (cache hit)
527 http cache aws-ssl-profiles@https://registry.npmjs.org/aws-ssl-profiles/-/aws-ssl-profiles-1.1.2.tgz 0ms (cache hit)
528 http cache sqlstring@https://registry.npmjs.org/sqlstring/-/sqlstring-2.3.3.tgz 0ms (cache hit)
529 http cache generate-function@https://registry.npmjs.org/generate-function/-/generate-function-2.3.1.tgz 0ms (cache hit)
530 http cache denque@https://registry.npmjs.org/denque/-/denque-2.1.0.tgz 0ms (cache hit)
531 http cache node-fetch-native@https://registry.npmjs.org/node-fetch-native/-/node-fetch-native-1.6.7.tgz 0ms (cache hit)
532 http cache nypm@https://registry.npmjs.org/nypm/-/nypm-0.6.5.tgz 0ms (cache hit)
533 http cache signal-exit@https://registry.npmjs.org/signal-exit/-/signal-exit-4.1.0.tgz 0ms (cache hit)
534 http cache consola@https://registry.npmjs.org/consola/-/consola-3.4.2.tgz 0ms (cache hit)
535 http cache pure-rand@https://registry.npmjs.org/pure-rand/-/pure-rand-6.1.0.tgz 0ms (cache hit)
536 http cache citty@https://registry.npmjs.org/citty/-/citty-0.1.6.tgz 0ms (cache hit)
537 http cache @standard-schema/spec@https://registry.npmjs.org/@standard-schema/spec/-/spec-1.1.0.tgz 0ms (cache hit)
538 http cache fast-check@https://registry.npmjs.org/fast-check/-/fast-check-3.23.2.tgz 0ms (cache hit)
539 http cache @kurkle/color@https://registry.npmjs.org/@kurkle/color/-/color-0.3.4.tgz 0ms (cache hit)
540 http cache readdirp@https://registry.npmjs.org/readdirp/-/readdirp-4.1.2.tgz 0ms (cache hit)
541 http cache pkg-types@https://registry.npmjs.org/pkg-types/-/pkg-types-2.3.0.tgz 0ms (cache hit)
542 http cache perfect-debounce@https://registry.npmjs.org/perfect-debounce/-/perfect-debounce-1.0.0.tgz 0ms (cache hit)
543 http cache rc9@https://registry.npmjs.org/rc9/-/rc9-2.1.2.tgz 0ms (cache hit)
544 http cache ohash@https://registry.npmjs.org/ohash/-/ohash-2.0.11.tgz 0ms (cache hit)
545 http cache giget@https://registry.npmjs.org/giget/-/giget-2.0.0.tgz 0ms (cache hit)
546 http cache dotenv@https://registry.npmjs.org/dotenv/-/dotenv-16.6.1.tgz 0ms (cache hit)
547 http cache exsolve@https://registry.npmjs.org/exsolve/-/exsolve-1.0.8.tgz 0ms (cache hit)
548 http cache defu@https://registry.npmjs.org/defu/-/defu-6.1.7.tgz 0ms (cache hit)
549 http cache confbox@https://registry.npmjs.org/confbox/-/confbox-0.2.4.tgz 0ms (cache hit)
550 http cache @radix-ui/react-use-layout-effect@https://registry.npmjs.org/@radix-ui/react-use-layout-effect/-/react-use-layout-effect-1.1.1.tgz 0ms (cache hit)
551 http cache chokidar@https://registry.npmjs.org/chokidar/-/chokidar-4.0.3.tgz 0ms (cache hit)
552 http cache chart.js@https://registry.npmjs.org/chart.js/-/chart.js-4.5.1.tgz 0ms (cache hit)
553 http cache @radix-ui/react-compose-refs@https://registry.npmjs.org/@radix-ui/react-compose-refs/-/react-compose-refs-1.1.2.tgz 0ms (cache hit)
554 http cache @radix-ui/react-use-effect-event@https://registry.npmjs.org/@radix-ui/react-use-effect-event/-/react-use-effect-event-0.0.2.tgz 0ms (cache hit)
555 http cache @radix-ui/react-use-controllable-state@https://registry.npmjs.org/@radix-ui/react-use-controllable-state/-/react-use-controllable-state-1.2.2.tgz 0ms (cache hit)
556 http cache env-paths@https://registry.npmjs.org/env-paths/-/env-paths-3.0.0.tgz 0ms (cache hit)
557 http cache @radix-ui/react-primitive@https://registry.npmjs.org/@radix-ui/react-primitive/-/react-primitive-2.1.3.tgz 0ms (cache hit)
558 http cache @radix-ui/react-slot@https://registry.npmjs.org/@radix-ui/react-slot/-/react-slot-1.2.3.tgz 0ms (cache hit)
559 http cache better-result@https://registry.npmjs.org/better-result/-/better-result-2.8.2.tgz 0ms (cache hit)
560 http cache @radix-ui/react-toggle@https://registry.npmjs.org/@radix-ui/react-toggle/-/react-toggle-1.1.10.tgz 0ms (cache hit)
561 http cache zeptomatch@https://registry.npmjs.org/zeptomatch/-/zeptomatch-2.1.0.tgz 0ms (cache hit)
562 http cache valibot@https://registry.npmjs.org/valibot/-/valibot-1.2.0.tgz 0ms (cache hit)
563 http cache std-env@https://registry.npmjs.org/std-env/-/std-env-3.10.0.tgz 0ms (cache hit)
564 http cache @prisma/engines-version@https://registry.npmjs.org/@prisma/engines-version/-/engines-version-7.6.0-1.75cbdc1eb7150937890ad5465d861175c6624711.tgz 0ms (cache hit)
565 http cache @prisma/fetch-engine@https://registry.npmjs.org/@prisma/fetch-engine/-/fetch-engine-7.7.0.tgz 0ms (cache hit)
566 http cache @radix-ui/primitive@https://registry.npmjs.org/@radix-ui/primitive/-/primitive-1.1.3.tgz 0ms (cache hit)
567 http cache @prisma/debug@https://registry.npmjs.org/@prisma/debug/-/debug-7.7.0.tgz 0ms (cache hit)
568 http cache proper-lockfile@https://registry.npmjs.org/proper-lockfile/-/proper-lockfile-4.1.2.tgz 0ms (cache hit)
569 http cache remeda@https://registry.npmjs.org/remeda/-/remeda-2.33.4.tgz 0ms (cache hit)
570 http cache pathe@https://registry.npmjs.org/pathe/-/pathe-2.0.3.tgz 0ms (cache hit)
571 http cache @prisma/get-platform@https://registry.npmjs.org/@prisma/get-platform/-/get-platform-7.2.0.tgz 0ms (cache hit)
572 http cache http-status-codes@https://registry.npmjs.org/http-status-codes/-/http-status-codes-2.3.0.tgz 0ms (cache hit)
573 http cache get-port-please@https://registry.npmjs.org/get-port-please/-/get-port-please-3.2.0.tgz 0ms (cache hit)
574 http cache @hono/node-server@https://registry.npmjs.org/@hono/node-server/-/node-server-1.19.11.tgz 0ms (cache hit)
575 http cache @prisma/query-plan-executor@https://registry.npmjs.org/@prisma/query-plan-executor/-/query-plan-executor-7.2.0.tgz 0ms (cache hit)
576 http cache @prisma/streams-local@https://registry.npmjs.org/@prisma/streams-local/-/streams-local-0.1.2.tgz 0ms (cache hit)
577 http cache @electric-sql/pglite-tools@https://registry.npmjs.org/@electric-sql/pglite-tools/-/pglite-tools-0.3.1.tgz 0ms (cache hit)
578 http cache hono@https://registry.npmjs.org/hono/-/hono-4.12.12.tgz 0ms (cache hit)
579 http cache foreground-child@https://registry.npmjs.org/foreground-child/-/foreground-child-3.3.1.tgz 0ms (cache hit)
580 http cache @electric-sql/pglite-socket@https://registry.npmjs.org/@electric-sql/pglite-socket/-/pglite-socket-0.1.1.tgz 0ms (cache hit)
581 http cache @electric-sql/pglite@https://registry.npmjs.org/@electric-sql/pglite/-/pglite-0.4.1.tgz 0ms (cache hit)
582 http cache @prisma/studio-core@https://registry.npmjs.org/@prisma/studio-core/-/studio-core-0.27.3.tgz 0ms (cache hit)
583 http cache empathic@https://registry.npmjs.org/empathic/-/empathic-2.0.0.tgz 0ms (cache hit)
584 http cache @prisma/engines@https://registry.npmjs.org/@prisma/engines/-/engines-7.7.0.tgz 0ms (cache hit)
585 http cache effect@https://registry.npmjs.org/effect/-/effect-3.20.0.tgz 0ms (cache hit)
586 http cache @prisma/dev@https://registry.npmjs.org/@prisma/dev/-/dev-0.24.3.tgz 0ms (cache hit)
587 http cache deepmerge-ts@https://registry.npmjs.org/deepmerge-ts/-/deepmerge-ts-7.1.5.tgz 0ms (cache hit)
588 http cache postgres@https://registry.npmjs.org/postgres/-/postgres-3.4.7.tgz 0ms (cache hit)
589 http cache c12@https://registry.npmjs.org/c12/-/c12-3.1.0.tgz 0ms (cache hit)
590 http cache @prisma/config@https://registry.npmjs.org/@prisma/config/-/config-7.7.0.tgz 0ms (cache hit)
591 http cache json-schema-traverse@https://registry.npmjs.org/json-schema-traverse/-/json-schema-traverse-1.0.0.tgz 0ms (cache hit)
592 http cache mysql2@https://registry.npmjs.org/mysql2/-/mysql2-3.15.3.tgz 0ms (cache hit)
593 http cache @prisma/client-runtime-utils@https://registry.npmjs.org/@prisma/client-runtime-utils/-/client-runtime-utils-7.7.0.tgz 0ms (cache hit)
594 http cache @prisma/client@https://registry.npmjs.org/@prisma/client/-/client-7.7.0.tgz 0ms (cache hit)
595 http cache prisma@https://registry.npmjs.org/prisma/-/prisma-7.7.0.tgz 0ms (cache hit)
596 http cache citty@https://registry.npmjs.org/citty/-/citty-0.2.2.tgz 0ms (cache hit)
597 http cache @prisma/get-platform@https://registry.npmjs.org/@prisma/get-platform/-/get-platform-7.7.0.tgz 0ms (cache hit)
598 http cache @prisma/get-platform@https://registry.npmjs.org/@prisma/get-platform/-/get-platform-7.7.0.tgz 0ms (cache hit)
599 silly tarball no local data for require-from-string@https://registry.npmjs.org/require-from-string/-/require-from-string-2.0.2.tgz. Extracting by manifest.
600 http cache ajv@https://registry.npmjs.org/ajv/-/ajv-8.18.0.tgz 0ms (cache hit)
601 http cache signal-exit@https://registry.npmjs.org/signal-exit/-/signal-exit-3.0.7.tgz 0ms (cache hit)
602 silly tarball no local data for retry@https://registry.npmjs.org/retry/-/retry-0.12.0.tgz. Extracting by manifest.
603 http cache @prisma/debug@https://registry.npmjs.org/@prisma/debug/-/debug-7.2.0.tgz 0ms (cache hit)
604 silly tarball no local data for graphmatch@https://registry.npmjs.org/graphmatch/-/graphmatch-1.1.1.tgz. Extracting by manifest.
605 silly tarball no local data for destr@https://registry.npmjs.org/destr/-/destr-2.0.5.tgz. Extracting by manifest.
606 silly tarball no local data for fast-uri@https://registry.npmjs.org/fast-uri/-/fast-uri-3.1.0.tgz. Extracting by manifest.
607 silly tarball no local data for grammex@https://registry.npmjs.org/grammex/-/grammex-3.1.12.tgz. Extracting by manifest.
608 silly tarball no local data for safer-buffer@https://registry.npmjs.org/safer-buffer/-/safer-buffer-2.1.2.tgz. Extracting by manifest.
609 silly tarball no local data for tinyexec@https://registry.npmjs.org/tinyexec/-/tinyexec-1.1.1.tgz. Extracting by manifest.
610 silly tarball no local data for long@https://registry.npmjs.org/long/-/long-5.3.2.tgz. Extracting by manifest.
611 silly tarball no local data for seq-queue@https://registry.npmjs.org/seq-queue/-/seq-queue-0.0.5.tgz. Extracting by manifest.
612 silly tarball no local data for is-property@https://registry.npmjs.org/is-property/-/is-property-1.0.2.tgz. Extracting by manifest.
613 silly tarball no local data for lru.min@https://registry.npmjs.org/lru.min/-/lru.min-1.1.4.tgz. Extracting by manifest.
614 silly tarball no local data for named-placeholders@https://registry.npmjs.org/named-placeholders/-/named-placeholders-1.1.6.tgz. Extracting by manifest.
615 silly tarball no local data for iconv-lite@https://registry.npmjs.org/iconv-lite/-/iconv-lite-0.7.2.tgz. Extracting by manifest.
616 silly tarball no local data for aws-ssl-profiles@https://registry.npmjs.org/aws-ssl-profiles/-/aws-ssl-profiles-1.1.2.tgz. Extracting by manifest.
617 silly tarball no local data for sqlstring@https://registry.npmjs.org/sqlstring/-/sqlstring-2.3.3.tgz. Extracting by manifest.
618 silly tarball no local data for generate-function@https://registry.npmjs.org/generate-function/-/generate-function-2.3.1.tgz. Extracting by manifest.
619 silly tarball no local data for denque@https://registry.npmjs.org/denque/-/denque-2.1.0.tgz. Extracting by manifest.
620 silly tarball no local data for node-fetch-native@https://registry.npmjs.org/node-fetch-native/-/node-fetch-native-1.6.7.tgz. Extracting by manifest.
621 silly tarball no local data for nypm@https://registry.npmjs.org/nypm/-/nypm-0.6.5.tgz. Extracting by manifest.
622 silly tarball no local data for signal-exit@https://registry.npmjs.org/signal-exit/-/signal-exit-4.1.0.tgz. Extracting by manifest.
623 silly tarball no local data for consola@https://registry.npmjs.org/consola/-/consola-3.4.2.tgz. Extracting by manifest.
624 silly tarball no local data for pure-rand@https://registry.npmjs.org/pure-rand/-/pure-rand-6.1.0.tgz. Extracting by manifest.
625 silly tarball no local data for citty@https://registry.npmjs.org/citty/-/citty-0.1.6.tgz. Extracting by manifest.
626 silly tarball no local data for @standard-schema/spec@https://registry.npmjs.org/@standard-schema/spec/-/spec-1.1.0.tgz. Extracting by manifest.
627 silly tarball no local data for fast-check@https://registry.npmjs.org/fast-check/-/fast-check-3.23.2.tgz. Extracting by manifest.
628 silly tarball no local data for @kurkle/color@https://registry.npmjs.org/@kurkle/color/-/color-0.3.4.tgz. Extracting by manifest.
629 silly tarball no local data for readdirp@https://registry.npmjs.org/readdirp/-/readdirp-4.1.2.tgz. Extracting by manifest.
630 silly tarball no local data for pkg-types@https://registry.npmjs.org/pkg-types/-/pkg-types-2.3.0.tgz. Extracting by manifest.
631 silly tarball no local data for perfect-debounce@https://registry.npmjs.org/perfect-debounce/-/perfect-debounce-1.0.0.tgz. Extracting by manifest.
632 silly tarball no local data for rc9@https://registry.npmjs.org/rc9/-/rc9-2.1.2.tgz. Extracting by manifest.
633 silly tarball no local data for ohash@https://registry.npmjs.org/ohash/-/ohash-2.0.11.tgz. Extracting by manifest.
634 silly tarball no local data for giget@https://registry.npmjs.org/giget/-/giget-2.0.0.tgz. Extracting by manifest.
635 silly tarball no local data for dotenv@https://registry.npmjs.org/dotenv/-/dotenv-16.6.1.tgz. Extracting by manifest.
636 silly tarball no local data for exsolve@https://registry.npmjs.org/exsolve/-/exsolve-1.0.8.tgz. Extracting by manifest.
637 silly tarball no local data for defu@https://registry.npmjs.org/defu/-/defu-6.1.7.tgz. Extracting by manifest.
638 silly tarball no local data for confbox@https://registry.npmjs.org/confbox/-/confbox-0.2.4.tgz. Extracting by manifest.
639 silly tarball no local data for @radix-ui/react-use-layout-effect@https://registry.npmjs.org/@radix-ui/react-use-layout-effect/-/react-use-layout-effect-1.1.1.tgz. Extracting by manifest.
640 silly tarball no local data for chokidar@https://registry.npmjs.org/chokidar/-/chokidar-4.0.3.tgz. Extracting by manifest.
641 silly tarball no local data for chart.js@https://registry.npmjs.org/chart.js/-/chart.js-4.5.1.tgz. Extracting by manifest.
642 silly tarball no local data for @radix-ui/react-compose-refs@https://registry.npmjs.org/@radix-ui/react-compose-refs/-/react-compose-refs-1.1.2.tgz. Extracting by manifest.
643 silly tarball no local data for @radix-ui/react-use-effect-event@https://registry.npmjs.org/@radix-ui/react-use-effect-event/-/react-use-effect-event-0.0.2.tgz. Extracting by manifest.
644 silly tarball no local data for @radix-ui/react-use-controllable-state@https://registry.npmjs.org/@radix-ui/react-use-controllable-state/-/react-use-controllable-state-1.2.2.tgz. Extracting by manifest.
645 silly tarball no local data for env-paths@https://registry.npmjs.org/env-paths/-/env-paths-3.0.0.tgz. Extracting by manifest.
646 silly tarball no local data for @radix-ui/react-primitive@https://registry.npmjs.org/@radix-ui/react-primitive/-/react-primitive-2.1.3.tgz. Extracting by manifest.
647 silly tarball no local data for @radix-ui/react-slot@https://registry.npmjs.org/@radix-ui/react-slot/-/react-slot-1.2.3.tgz. Extracting by manifest.
648 silly tarball no local data for better-result@https://registry.npmjs.org/better-result/-/better-result-2.8.2.tgz. Extracting by manifest.
649 silly tarball no local data for @radix-ui/react-toggle@https://registry.npmjs.org/@radix-ui/react-toggle/-/react-toggle-1.1.10.tgz. Extracting by manifest.
650 silly tarball no local data for zeptomatch@https://registry.npmjs.org/zeptomatch/-/zeptomatch-2.1.0.tgz. Extracting by manifest.
651 silly tarball no local data for valibot@https://registry.npmjs.org/valibot/-/valibot-1.2.0.tgz. Extracting by manifest.
652 silly tarball no local data for @prisma/engines-version@https://registry.npmjs.org/@prisma/engines-version/-/engines-version-7.6.0-1.75cbdc1eb7150937890ad5465d861175c6624711.tgz. Extracting by manifest.
653 silly tarball no local data for std-env@https://registry.npmjs.org/std-env/-/std-env-3.10.0.tgz. Extracting by manifest.
654 silly tarball no local data for @prisma/fetch-engine@https://registry.npmjs.org/@prisma/fetch-engine/-/fetch-engine-7.7.0.tgz. Extracting by manifest.
655 silly tarball no local data for @radix-ui/primitive@https://registry.npmjs.org/@radix-ui/primitive/-/primitive-1.1.3.tgz. Extracting by manifest.
656 silly tarball no local data for @prisma/debug@https://registry.npmjs.org/@prisma/debug/-/debug-7.7.0.tgz. Extracting by manifest.
657 silly tarball no local data for proper-lockfile@https://registry.npmjs.org/proper-lockfile/-/proper-lockfile-4.1.2.tgz. Extracting by manifest.
658 silly tarball no local data for remeda@https://registry.npmjs.org/remeda/-/remeda-2.33.4.tgz. Extracting by manifest.
659 silly tarball no local data for pathe@https://registry.npmjs.org/pathe/-/pathe-2.0.3.tgz. Extracting by manifest.
660 silly tarball no local data for @prisma/get-platform@https://registry.npmjs.org/@prisma/get-platform/-/get-platform-7.2.0.tgz. Extracting by manifest.
661 silly tarball no local data for http-status-codes@https://registry.npmjs.org/http-status-codes/-/http-status-codes-2.3.0.tgz. Extracting by manifest.
662 silly tarball no local data for get-port-please@https://registry.npmjs.org/get-port-please/-/get-port-please-3.2.0.tgz. Extracting by manifest.
663 silly tarball no local data for @hono/node-server@https://registry.npmjs.org/@hono/node-server/-/node-server-1.19.11.tgz. Extracting by manifest.
664 silly tarball no local data for @prisma/query-plan-executor@https://registry.npmjs.org/@prisma/query-plan-executor/-/query-plan-executor-7.2.0.tgz. Extracting by manifest.
665 silly tarball no local data for @prisma/streams-local@https://registry.npmjs.org/@prisma/streams-local/-/streams-local-0.1.2.tgz. Extracting by manifest.
666 silly tarball no local data for @electric-sql/pglite-tools@https://registry.npmjs.org/@electric-sql/pglite-tools/-/pglite-tools-0.3.1.tgz. Extracting by manifest.
667 silly tarball no local data for hono@https://registry.npmjs.org/hono/-/hono-4.12.12.tgz. Extracting by manifest.
668 silly tarball no local data for foreground-child@https://registry.npmjs.org/foreground-child/-/foreground-child-3.3.1.tgz. Extracting by manifest.
669 silly tarball no local data for @electric-sql/pglite-socket@https://registry.npmjs.org/@electric-sql/pglite-socket/-/pglite-socket-0.1.1.tgz. Extracting by manifest.
670 silly tarball no local data for @electric-sql/pglite@https://registry.npmjs.org/@electric-sql/pglite/-/pglite-0.4.1.tgz. Extracting by manifest.
671 silly tarball no local data for @prisma/studio-core@https://registry.npmjs.org/@prisma/studio-core/-/studio-core-0.27.3.tgz. Extracting by manifest.
672 silly tarball no local data for empathic@https://registry.npmjs.org/empathic/-/empathic-2.0.0.tgz. Extracting by manifest.
673 silly tarball no local data for @prisma/engines@https://registry.npmjs.org/@prisma/engines/-/engines-7.7.0.tgz. Extracting by manifest.
674 silly tarball no local data for effect@https://registry.npmjs.org/effect/-/effect-3.20.0.tgz. Extracting by manifest.
675 silly tarball no local data for @prisma/dev@https://registry.npmjs.org/@prisma/dev/-/dev-0.24.3.tgz. Extracting by manifest.
676 silly tarball no local data for deepmerge-ts@https://registry.npmjs.org/deepmerge-ts/-/deepmerge-ts-7.1.5.tgz. Extracting by manifest.
677 silly tarball no local data for postgres@https://registry.npmjs.org/postgres/-/postgres-3.4.7.tgz. Extracting by manifest.
678 silly tarball no local data for c12@https://registry.npmjs.org/c12/-/c12-3.1.0.tgz. Extracting by manifest.
679 silly tarball no local data for @prisma/config@https://registry.npmjs.org/@prisma/config/-/config-7.7.0.tgz. Extracting by manifest.
680 silly tarball no local data for json-schema-traverse@https://registry.npmjs.org/json-schema-traverse/-/json-schema-traverse-1.0.0.tgz. Extracting by manifest.
681 silly tarball no local data for mysql2@https://registry.npmjs.org/mysql2/-/mysql2-3.15.3.tgz. Extracting by manifest.
682 silly tarball no local data for @prisma/client-runtime-utils@https://registry.npmjs.org/@prisma/client-runtime-utils/-/client-runtime-utils-7.7.0.tgz. Extracting by manifest.
683 silly tarball no local data for @prisma/client@https://registry.npmjs.org/@prisma/client/-/client-7.7.0.tgz. Extracting by manifest.
684 silly tarball no local data for prisma@https://registry.npmjs.org/prisma/-/prisma-7.7.0.tgz. Extracting by manifest.
685 silly tarball no local data for citty@https://registry.npmjs.org/citty/-/citty-0.2.2.tgz. Extracting by manifest.
686 silly tarball no local data for @prisma/get-platform@https://registry.npmjs.org/@prisma/get-platform/-/get-platform-7.7.0.tgz. Extracting by manifest.
687 silly tarball no local data for @prisma/get-platform@https://registry.npmjs.org/@prisma/get-platform/-/get-platform-7.7.0.tgz. Extracting by manifest.
688 silly tarball no local data for ajv@https://registry.npmjs.org/ajv/-/ajv-8.18.0.tgz. Extracting by manifest.
689 silly tarball no local data for signal-exit@https://registry.npmjs.org/signal-exit/-/signal-exit-3.0.7.tgz. Extracting by manifest.
690 silly tarball no local data for @prisma/debug@https://registry.npmjs.org/@prisma/debug/-/debug-7.2.0.tgz. Extracting by manifest.
691 http fetch GET 200 https://registry.npmjs.org/graphmatch/-/graphmatch-1.1.1.tgz 168ms (cache miss)
692 http fetch GET 200 https://registry.npmjs.org/require-from-string/-/require-from-string-2.0.2.tgz 171ms (cache miss)
693 http fetch GET 200 https://registry.npmjs.org/destr/-/destr-2.0.5.tgz 169ms (cache miss)
694 http fetch GET 200 https://registry.npmjs.org/generate-function/-/generate-function-2.3.1.tgz 181ms (cache miss)
695 http fetch GET 200 https://registry.npmjs.org/denque/-/denque-2.1.0.tgz 212ms (cache miss)
696 http fetch POST 200 https://registry.npmjs.org/-/npm/v1/security/advisories/bulk 270ms
697 silly audit report {
697 silly audit report   '@hono/node-server': [
697 silly audit report     {
697 silly audit report       id: 1116281,
697 silly audit report       url: 'https://github.com/advisories/GHSA-92pp-h63x-v22m',
697 silly audit report       title: '@hono/node-server: Middleware bypass via repeated slashes in serveStatic',
697 silly audit report       severity: 'moderate',
697 silly audit report       vulnerable_versions: '<1.19.13',
697 silly audit report       cwe: [Array],
697 silly audit report       cvss: [Object]
697 silly audit report     }
697 silly audit report   ]
697 silly audit report }
698 silly packumentCache corgi:https://registry.npmjs.org/@hono%2fnode-server cache-miss
699 http fetch GET 200 https://registry.npmjs.org/sqlstring/-/sqlstring-2.3.3.tgz 225ms (cache miss)
700 http fetch GET 200 https://registry.npmjs.org/signal-exit/-/signal-exit-4.1.0.tgz 321ms (cache miss)
701 http fetch GET 200 https://registry.npmjs.org/citty/-/citty-0.1.6.tgz 362ms (cache miss)
702 http fetch GET 200 https://registry.npmjs.org/named-placeholders/-/named-placeholders-1.1.6.tgz 389ms (cache miss)
703 http fetch GET 200 https://registry.npmjs.org/pkg-types/-/pkg-types-2.3.0.tgz 453ms (cache miss)
704 http fetch GET 200 https://registry.npmjs.org/rc9/-/rc9-2.1.2.tgz 463ms (cache miss)
705 http fetch GET 200 https://registry.npmjs.org/is-property/-/is-property-1.0.2.tgz 475ms (cache miss)
706 http fetch GET 200 https://registry.npmjs.org/env-paths/-/env-paths-3.0.0.tgz 474ms (cache miss)
707 http fetch GET 200 https://registry.npmjs.org/@radix-ui/react-compose-refs/-/react-compose-refs-1.1.2.tgz 476ms (cache miss)
708 http fetch GET 200 https://registry.npmjs.org/@radix-ui/react-use-layout-effect/-/react-use-layout-effect-1.1.1.tgz 482ms (cache miss)
709 http fetch GET 200 https://registry.npmjs.org/better-result/-/better-result-2.8.2.tgz 542ms (cache miss)
710 http fetch GET 200 https://registry.npmjs.org/zeptomatch/-/zeptomatch-2.1.0.tgz 647ms (cache miss)
711 http fetch GET 200 https://registry.npmjs.org/@radix-ui/primitive/-/primitive-1.1.3.tgz 660ms (cache miss)
712 http fetch GET 200 https://registry.npmjs.org/grammex/-/grammex-3.1.12.tgz 701ms (cache miss)
713 http fetch GET 200 https://registry.npmjs.org/@prisma/engines-version/-/engines-version-7.6.0-1.75cbdc1eb7150937890ad5465d861175c6624711.tgz 736ms (cache miss)
714 http fetch GET 200 https://registry.npmjs.org/perfect-debounce/-/perfect-debounce-1.0.0.tgz 762ms (cache miss)
715 http fetch GET 200 https://registry.npmjs.org/lru.min/-/lru.min-1.1.4.tgz 790ms (cache miss)
716 http fetch GET 200 https://registry.npmjs.org/tinyexec/-/tinyexec-1.1.1.tgz 812ms (cache miss)
717 http fetch GET 200 https://registry.npmjs.org/empathic/-/empathic-2.0.0.tgz 782ms (cache miss)
718 http fetch GET 200 https://registry.npmjs.org/@standard-schema/spec/-/spec-1.1.0.tgz 807ms (cache miss)
719 http fetch GET 200 https://registry.npmjs.org/safer-buffer/-/safer-buffer-2.1.2.tgz 848ms (cache miss)
720 http fetch GET 200 https://registry.npmjs.org/nypm/-/nypm-0.6.5.tgz 855ms (cache miss)
721 http fetch GET 200 https://registry.npmjs.org/json-schema-traverse/-/json-schema-traverse-1.0.0.tgz 847ms (cache miss)
722 http fetch GET 200 https://registry.npmjs.org/exsolve/-/exsolve-1.0.8.tgz 885ms (cache miss)
723 http fetch GET 200 https://registry.npmjs.org/giget/-/giget-2.0.0.tgz 901ms (cache miss)
724 http fetch GET 200 https://registry.npmjs.org/seq-queue/-/seq-queue-0.0.5.tgz 922ms (cache miss)
725 http fetch GET 200 https://registry.npmjs.org/readdirp/-/readdirp-4.1.2.tgz 920ms (cache miss)
726 http fetch GET 200 https://registry.npmjs.org/@kurkle/color/-/color-0.3.4.tgz 961ms (cache miss)
727 http fetch GET 200 https://registry.npmjs.org/@prisma/config/-/config-7.7.0.tgz 944ms (cache miss)
728 http fetch GET 200 https://registry.npmjs.org/@radix-ui/react-use-controllable-state/-/react-use-controllable-state-1.2.2.tgz 968ms (cache miss)
729 http fetch GET 200 https://registry.npmjs.org/std-env/-/std-env-3.10.0.tgz 969ms (cache miss)
730 http fetch GET 200 https://registry.npmjs.org/@prisma/debug/-/debug-7.7.0.tgz 972ms (cache miss)
731 http fetch GET 200 https://registry.npmjs.org/@radix-ui/react-slot/-/react-slot-1.2.3.tgz 994ms (cache miss)
732 http fetch GET 200 https://registry.npmjs.org/@radix-ui/react-toggle/-/react-toggle-1.1.10.tgz 995ms (cache miss)
733 http fetch GET 200 https://registry.npmjs.org/@radix-ui/react-primitive/-/react-primitive-2.1.3.tgz 999ms (cache miss)
734 http fetch GET 200 https://registry.npmjs.org/get-port-please/-/get-port-please-3.2.0.tgz 1043ms (cache miss)
735 http fetch GET 200 https://registry.npmjs.org/defu/-/defu-6.1.7.tgz 1087ms (cache miss)
736 http fetch GET 200 https://registry.npmjs.org/proper-lockfile/-/proper-lockfile-4.1.2.tgz 1202ms (cache miss)
737 http fetch GET 200 https://registry.npmjs.org/@radix-ui/react-use-effect-event/-/react-use-effect-event-0.0.2.tgz 1223ms (cache miss)
738 http fetch GET 200 https://registry.npmjs.org/long/-/long-5.3.2.tgz 1242ms (cache miss)
739 http fetch GET 200 https://registry.npmjs.org/c12/-/c12-3.1.0.tgz 1214ms (cache miss)
740 http fetch GET 200 https://registry.npmjs.org/retry/-/retry-0.12.0.tgz 1254ms (cache miss)
741 http fetch GET 200 https://registry.npmjs.org/aws-ssl-profiles/-/aws-ssl-profiles-1.1.2.tgz 1270ms (cache miss)
742 http fetch GET 200 https://registry.npmjs.org/citty/-/citty-0.2.2.tgz 1239ms (cache miss)
743 http fetch GET 200 https://registry.npmjs.org/@prisma/debug/-/debug-7.2.0.tgz 1235ms (cache miss)
744 http fetch GET 200 https://registry.npmjs.org/signal-exit/-/signal-exit-3.0.7.tgz 1241ms (cache miss)
745 http fetch GET 200 https://registry.npmjs.org/dotenv/-/dotenv-16.6.1.tgz 1268ms (cache miss)
746 http fetch GET 200 https://registry.npmjs.org/@hono%2fnode-server 1080ms (cache miss)
747 silly packumentCache corgi:https://registry.npmjs.org/@hono%2fnode-server set size:undefined disposed:false
748 http fetch GET 200 https://registry.npmjs.org/deepmerge-ts/-/deepmerge-ts-7.1.5.tgz 1314ms (cache miss)
749 http fetch GET 200 https://registry.npmjs.org/chokidar/-/chokidar-4.0.3.tgz 1334ms (cache miss)
750 silly packumentCache corgi:https://registry.npmjs.org/@prisma%2fdev cache-miss
751 http fetch GET 200 https://registry.npmjs.org/@prisma/engines/-/engines-7.7.0.tgz 1382ms (cache miss)
752 http fetch GET 200 https://registry.npmjs.org/pathe/-/pathe-2.0.3.tgz 1399ms (cache miss)
753 http fetch GET 200 https://registry.npmjs.org/ohash/-/ohash-2.0.11.tgz 1455ms (cache miss)
754 http fetch GET 200 https://registry.npmjs.org/@prisma/client-runtime-utils/-/client-runtime-utils-7.7.0.tgz 1760ms (cache miss)
755 http fetch GET 200 https://registry.npmjs.org/fast-uri/-/fast-uri-3.1.0.tgz 1814ms (cache miss)
756 http fetch GET 200 https://registry.npmjs.org/confbox/-/confbox-0.2.4.tgz 1967ms (cache miss)
757 http fetch GET 200 https://registry.npmjs.org/valibot/-/valibot-1.2.0.tgz 1977ms (cache miss)
758 http fetch GET 200 https://registry.npmjs.org/@electric-sql/pglite-socket/-/pglite-socket-0.1.1.tgz 2003ms (cache miss)
759 http fetch GET 200 https://registry.npmjs.org/node-fetch-native/-/node-fetch-native-1.6.7.tgz 2090ms (cache miss)
760 http fetch GET 200 https://registry.npmjs.org/http-status-codes/-/http-status-codes-2.3.0.tgz 2082ms (cache miss)
761 http fetch GET 200 https://registry.npmjs.org/@prisma%2fdev 744ms (cache miss)
762 silly packumentCache corgi:https://registry.npmjs.org/@prisma%2fdev set size:undefined disposed:false
763 http fetch GET 200 https://registry.npmjs.org/@prisma/streams-local/-/streams-local-0.1.2.tgz 2293ms (cache miss)
764 http fetch GET 200 https://registry.npmjs.org/consola/-/consola-3.4.2.tgz 2317ms (cache miss)
765 silly packumentCache corgi:https://registry.npmjs.org/prisma cache-miss
766 http fetch GET 200 https://registry.npmjs.org/iconv-lite/-/iconv-lite-0.7.2.tgz 2345ms (cache miss)
767 http fetch GET 200 https://registry.npmjs.org/foreground-child/-/foreground-child-3.3.1.tgz 3198ms (cache miss)
768 http fetch GET 200 https://registry.npmjs.org/postgres/-/postgres-3.4.7.tgz 3244ms (cache miss)
769 http fetch GET 200 https://registry.npmjs.org/@prisma/get-platform/-/get-platform-7.2.0.tgz 3414ms (cache miss)
770 http fetch GET 200 https://registry.npmjs.org/@electric-sql/pglite-tools/-/pglite-tools-0.3.1.tgz 3426ms (cache miss)
771 http fetch GET 200 https://registry.npmjs.org/@prisma/fetch-engine/-/fetch-engine-7.7.0.tgz 3585ms (cache miss)
772 http fetch GET 200 https://registry.npmjs.org/@prisma/get-platform/-/get-platform-7.7.0.tgz 3580ms (cache miss)
773 http fetch GET 200 https://registry.npmjs.org/@prisma/get-platform/-/get-platform-7.7.0.tgz 3604ms (cache miss)
774 http fetch GET 200 https://registry.npmjs.org/@hono/node-server/-/node-server-1.19.11.tgz 3643ms (cache miss)
775 http fetch GET 200 https://registry.npmjs.org/@prisma/query-plan-executor/-/query-plan-executor-7.2.0.tgz 3709ms (cache miss)
776 http fetch GET 200 https://registry.npmjs.org/pure-rand/-/pure-rand-6.1.0.tgz 4700ms (cache miss)
777 http fetch GET 200 https://registry.npmjs.org/mysql2/-/mysql2-3.15.3.tgz 6191ms (cache miss)
778 http fetch GET 200 https://registry.npmjs.org/chart.js/-/chart.js-4.5.1.tgz 7762ms (cache miss)
779 http fetch GET 200 https://registry.npmjs.org/@prisma/dev/-/dev-0.24.3.tgz 8095ms (cache miss)
780 http fetch GET 200 https://registry.npmjs.org/prisma 5845ms (cache miss)
781 silly packumentCache corgi:https://registry.npmjs.org/prisma set size:undefined disposed:false
782 silly packumentCache corgi:https://registry.npmjs.org/@prisma%2fclient cache-miss
783 http fetch GET 200 https://registry.npmjs.org/prisma/-/prisma-7.7.0.tgz 11115ms (cache miss)
784 http fetch GET 200 https://registry.npmjs.org/@prisma/studio-core/-/studio-core-0.27.3.tgz 11569ms (cache miss)
785 http fetch GET 200 https://registry.npmjs.org/@prisma%2fclient 5953ms (cache miss)
786 silly packumentCache corgi:https://registry.npmjs.org/@prisma%2fclient set size:undefined disposed:false
787 http fetch GET 200 https://registry.npmjs.org/@electric-sql/pglite/-/pglite-0.4.1.tgz 15864ms (cache miss)
788 http fetch GET 200 https://registry.npmjs.org/@prisma/client/-/client-7.7.0.tgz 15982ms (cache miss)
789 http fetch GET 200 https://registry.npmjs.org/ajv/-/ajv-8.18.0.tgz 15984ms (cache miss)
790 http fetch GET 200 https://registry.npmjs.org/remeda/-/remeda-2.33.4.tgz 18591ms (cache miss)
791 http fetch GET 200 https://registry.npmjs.org/hono/-/hono-4.12.12.tgz 18756ms (cache miss)
792 http fetch GET 200 https://registry.npmjs.org/fast-check/-/fast-check-3.23.2.tgz 19802ms (cache miss)
793 http fetch GET 200 https://registry.npmjs.org/effect/-/effect-3.20.0.tgz 28157ms (cache miss)
794 info run prisma@7.7.0 preinstall node_modules/prisma node scripts/preinstall-entry.js
795 info run prisma@7.7.0 preinstall { code: 0, signal: null }
796 info run @prisma/engines@7.7.0 postinstall node_modules/@prisma/engines node scripts/postinstall.js
797 info run @prisma/engines@7.7.0 postinstall { code: 0, signal: null }
798 silly ADD node_modules/require-from-string
799 silly ADD node_modules/fast-uri
800 silly ADD node_modules/graphmatch
801 silly ADD node_modules/grammex
802 silly ADD node_modules/destr
803 silly ADD node_modules/retry
804 silly ADD node_modules/tinyexec
805 silly ADD node_modules/safer-buffer
806 silly ADD node_modules/is-property
807 silly ADD node_modules/sqlstring
808 silly ADD node_modules/seq-queue
809 silly ADD node_modules/named-placeholders
810 silly ADD node_modules/lru.min
811 silly ADD node_modules/long
812 silly ADD node_modules/iconv-lite
813 silly ADD node_modules/generate-function
814 silly ADD node_modules/denque
815 silly ADD node_modules/aws-ssl-profiles
816 silly ADD node_modules/nypm
817 silly ADD node_modules/nypm/node_modules/citty
818 silly ADD node_modules/node-fetch-native
819 silly ADD node_modules/consola
820 silly ADD node_modules/citty
821 silly ADD node_modules/signal-exit
822 silly ADD node_modules/pure-rand
823 silly ADD node_modules/fast-check
824 silly ADD node_modules/@standard-schema/spec
825 silly ADD node_modules/readdirp
826 silly ADD node_modules/@kurkle/color
827 silly ADD node_modules/rc9
828 silly ADD node_modules/pkg-types
829 silly ADD node_modules/perfect-debounce
830 silly ADD node_modules/ohash
831 silly ADD node_modules/giget
832 silly ADD node_modules/exsolve
833 silly ADD node_modules/dotenv
834 silly ADD node_modules/defu
835 silly ADD node_modules/confbox
836 silly ADD node_modules/chokidar
837 silly ADD node_modules/@radix-ui/react-use-layout-effect
838 silly ADD node_modules/@radix-ui/react-use-effect-event
839 silly ADD node_modules/@radix-ui/react-compose-refs
840 silly ADD node_modules/@radix-ui/react-slot
841 silly ADD node_modules/@radix-ui/react-use-controllable-state
842 silly ADD node_modules/@radix-ui/react-primitive
843 silly ADD node_modules/@radix-ui/primitive
844 silly ADD node_modules/chart.js
845 silly ADD node_modules/@radix-ui/react-toggle
846 silly ADD node_modules/env-paths
847 silly ADD node_modules/better-result
848 silly ADD node_modules/@prisma/fetch-engine
849 silly ADD node_modules/@prisma/fetch-engine/node_modules/@prisma/get-platform
850 silly ADD node_modules/@prisma/engines-version
851 silly ADD node_modules/@prisma/debug
852 silly ADD node_modules/zeptomatch
853 silly ADD node_modules/valibot
854 silly ADD node_modules/std-env
855 silly ADD node_modules/remeda
856 silly ADD node_modules/proper-lockfile
857 silly ADD node_modules/proper-lockfile/node_modules/signal-exit
858 silly ADD node_modules/pathe
859 silly ADD node_modules/http-status-codes
860 silly ADD node_modules/get-port-please
861 silly ADD node_modules/foreground-child
862 silly ADD node_modules/@prisma/streams-local
863 silly ADD node_modules/@prisma/streams-local/node_modules/json-schema-traverse
864 silly ADD node_modules/@prisma/streams-local/node_modules/ajv
865 silly ADD node_modules/@prisma/query-plan-executor
866 silly ADD node_modules/@prisma/get-platform
867 silly ADD node_modules/@prisma/get-platform/node_modules/@prisma/debug
868 silly ADD node_modules/hono
869 silly ADD node_modules/@hono/node-server
870 silly ADD node_modules/@electric-sql/pglite-tools
871 silly ADD node_modules/@electric-sql/pglite-socket
872 silly ADD node_modules/@electric-sql/pglite
873 silly ADD node_modules/empathic
874 silly ADD node_modules/effect
875 silly ADD node_modules/deepmerge-ts
876 silly ADD node_modules/c12
877 silly ADD node_modules/postgres
878 silly ADD node_modules/mysql2
879 silly ADD node_modules/@prisma/studio-core
880 silly ADD node_modules/@prisma/engines
881 silly ADD node_modules/@prisma/engines/node_modules/@prisma/get-platform
882 silly ADD node_modules/@prisma/dev
883 silly ADD node_modules/@prisma/config
884 silly ADD node_modules/@prisma/client-runtime-utils
885 silly ADD node_modules/prisma
886 silly ADD node_modules/@prisma/client
887 verbose cwd D:\SITES\CONTROLE
888 verbose os Windows_NT 10.0.26200
889 verbose node v24.14.1
890 verbose npm  v11.11.0
891 verbose exit 0
892 info ok
